-- MySQL dump 10.13  Distrib 5.7.17, for osx10.12 (x86_64)
--
-- Host: localhost    Database: auditoria
-- ------------------------------------------------------
-- Server version	5.7.17

/*!40101 SET @OLD_CHARACTER_SET_CLIENT=@@CHARACTER_SET_CLIENT */;
/*!40101 SET @OLD_CHARACTER_SET_RESULTS=@@CHARACTER_SET_RESULTS */;
/*!40101 SET @OLD_COLLATION_CONNECTION=@@COLLATION_CONNECTION */;
/*!40101 SET NAMES utf8 */;
/*!40103 SET @OLD_TIME_ZONE=@@TIME_ZONE */;
/*!40103 SET TIME_ZONE='+00:00' */;
/*!40014 SET @OLD_UNIQUE_CHECKS=@@UNIQUE_CHECKS, UNIQUE_CHECKS=0 */;
/*!40014 SET @OLD_FOREIGN_KEY_CHECKS=@@FOREIGN_KEY_CHECKS, FOREIGN_KEY_CHECKS=0 */;
/*!40101 SET @OLD_SQL_MODE=@@SQL_MODE, SQL_MODE='NO_AUTO_VALUE_ON_ZERO' */;
/*!40111 SET @OLD_SQL_NOTES=@@SQL_NOTES, SQL_NOTES=0 */;

--
-- Table structure for table `au_crud`
--

DROP TABLE IF EXISTS `au_crud`;
/*!40101 SET @saved_cs_client     = @@character_set_client */;
/*!40101 SET character_set_client = utf8 */;
CREATE TABLE `au_crud` (
  `cru_cont` int(11) NOT NULL AUTO_INCREMENT,
  `cru_desc` varchar(45) NOT NULL,
  PRIMARY KEY (`cru_cont`)
) ENGINE=InnoDB AUTO_INCREMENT=7 DEFAULT CHARSET=utf8;
/*!40101 SET character_set_client = @saved_cs_client */;

--
-- Dumping data for table `au_crud`
--

LOCK TABLES `au_crud` WRITE;
/*!40000 ALTER TABLE `au_crud` DISABLE KEYS */;
INSERT INTO `au_crud` VALUES (1,'post'),(2,'get'),(3,'create'),(4,'update'),(5,'delete'),(6,'read');
/*!40000 ALTER TABLE `au_crud` ENABLE KEYS */;
UNLOCK TABLES;

--
-- Table structure for table `au_dbau`
--

DROP TABLE IF EXISTS `au_dbau`;
/*!40101 SET @saved_cs_client     = @@character_set_client */;
/*!40101 SET character_set_client = utf8 */;
CREATE TABLE `au_dbau` (
  `dba_cont` int(11) NOT NULL AUTO_INCREMENT,
  `dba_fech` datetime DEFAULT CURRENT_TIMESTAMP,
  `dba_rout` varchar(500) NOT NULL,
  `dba_client` varchar(200) NOT NULL,
  `dba_ip` varchar(16) NOT NULL,
  `dba_urlp` varchar(500) DEFAULT NULL,
  `dba_oldd` text,
  `dba_newd` text,
  `cru_cont` int(11) NOT NULL,
  `dba_dpro` int(11) NOT NULL,
  `ter_cont` int(11) DEFAULT NULL,
  `dba_aprob` tinyint(1) NOT NULL,
  PRIMARY KEY (`dba_cont`),
  KEY `fk_au_dbau_au_crud1_idx` (`cru_cont`),
  KEY `fk_au_dbau_gn_terc1_idx` (`ter_cont`),
  KEY `data_process_idx` (`dba_dpro`),
  CONSTRAINT `data_process` FOREIGN KEY (`dba_dpro`) REFERENCES `au_crud` (`cru_cont`) ON DELETE NO ACTION ON UPDATE NO ACTION,
  CONSTRAINT `fk_au_dbau_au_crud1` FOREIGN KEY (`cru_cont`) REFERENCES `au_crud` (`cru_cont`) ON DELETE NO ACTION ON UPDATE NO ACTION,
  CONSTRAINT `fk_au_dbau_gn_terc1` FOREIGN KEY (`ter_cont`) REFERENCES `gn_terc` (`ter_cont`) ON DELETE NO ACTION ON UPDATE NO ACTION
) ENGINE=InnoDB AUTO_INCREMENT=414 DEFAULT CHARSET=utf8;
/*!40101 SET character_set_client = @saved_cs_client */;

--
-- Dumping data for table `au_dbau`
--

LOCK TABLES `au_dbau` WRITE;
/*!40000 ALTER TABLE `au_dbau` DISABLE KEYS */;
INSERT INTO `au_dbau` VALUES (1,'2017-11-07 15:22:58','/logout','g-ginfo.local','127.0.0.1','{\"controller\"=>\"login\", \"action\"=>\"logout\", \"pass\"=>nil, \"ter_pass\"=>nil}',NULL,'Cerrar sesión',2,5,2,1),(2,'2017-11-07 15:22:58','/login','g-ginfo.local','127.0.0.1','{\"controller\"=>\"login\", \"action\"=>\"index\", \"pass\"=>nil, \"ter_pass\"=>nil}',NULL,NULL,2,6,NULL,1),(3,'2017-11-07 15:23:09','/login/auth','g-ginfo.local','127.0.0.1','{\"utf8\"=>\"✓\", \"authenticity_token\"=>\"4Til292QcfDg8ilALKK8W3zew3n5RCiJkcCCprnx5itzqfy+59ThCgvIZ8WLYcr4oITdCl4bkDAzVWZJZCtSag==\", \"user\"=>\"japalacio0108\", \"pass\"=>\"[FILTERED]\", \"commit\"=>\"Iniciar Sesión\", \"controller\"=>\"login\", \"action\"=>\"auth\", \"ter_pass\"=>\"[FILTERED]\"}',NULL,'Iniciar sesión',1,3,1,1),(4,'2017-11-07 15:23:09','/home','g-ginfo.local','127.0.0.1','{\"controller\"=>\"home\", \"action\"=>\"index\", \"pass\"=>nil, \"ter_pass\"=>nil}',NULL,'{\"controller\"=>\"home\", \"action\"=>\"index\", \"pass\"=>nil, \"ter_pass\"=>nil}',2,6,1,1),(5,'2017-11-07 15:23:15','/gn_terc','g-ginfo.local','127.0.0.1','{\"controller\"=>\"gn_terc\", \"action\"=>\"index\", \"pass\"=>nil, \"ter_pass\"=>nil}',NULL,NULL,2,6,1,1),(6,'2017-11-07 15:23:17','/gn_terc/edit/1','g-ginfo.local','127.0.0.1','{\"controller\"=>\"gn_terc\", \"action\"=>\"edit\", \"id\"=>\"1\", \"pass\"=>nil, \"ter_pass\"=>nil}',NULL,NULL,2,6,1,1),(7,'2017-11-07 15:23:23','/gn_terc/save','g-ginfo.local','127.0.0.1','{\"utf8\"=>\"✓\", \"authenticity_token\"=>\"tPP0wexUeTRrNS/qxsrhR9KJzTU7saUyiroQxuIqZAlKFcGAm334kN3JBXBCzJV95mpOWmt4Mw7l+h+ElERnQg==\", \"ter_cont\"=>\"1\", \"tdo_cont\"=>\"1\", \"ter_iden\"=>\"1070615270\", \"ter_pnom\"=>\"jeyson\", \"ter_snom\"=>\"anibal\", \"ter_pape\"=>\"palacio\", \"ter_sape\"=>\"palma\", \"ter_usua\"=>\"japalacio0108\", \"tus_cont\"=>\"1\", \"ter_pass\"=>\"[FILTERED]\", \"confirmar\"=>\"12345\", \"ter_acti\"=>\"1\", \"commit\"=>\"Guardar\", \"controller\"=>\"gn_terc\", \"action\"=>\"save\", \"pass\"=>\"[FILTERED]\"}',NULL,NULL,1,6,1,1),(8,'2017-11-07 15:23:23','/gn_terc/save','g-ginfo.local','127.0.0.1','{\"utf8\"=>\"✓\", \"authenticity_token\"=>\"tPP0wexUeTRrNS/qxsrhR9KJzTU7saUyiroQxuIqZAlKFcGAm334kN3JBXBCzJV95mpOWmt4Mw7l+h+ElERnQg==\", \"ter_cont\"=>\"1\", \"tdo_cont\"=>\"1\", \"ter_iden\"=>\"1070615270\", \"ter_pnom\"=>\"jeyson\", \"ter_snom\"=>\"anibal\", \"ter_pape\"=>\"palacio\", \"ter_sape\"=>\"palma\", \"ter_usua\"=>\"japalacio0108\", \"tus_cont\"=>\"1\", \"ter_pass\"=>\"[FILTERED]\", \"confirmar\"=>\"12345\", \"ter_acti\"=>\"1\", \"commit\"=>\"Guardar\", \"controller\"=>\"gn_terc\", \"action\"=>\"save\", \"pass\"=>\"[FILTERED]\"}','{\"ter_cont\"=>1, \"ter_iden\"=>1070615270, \"ter_pnom\"=>\"jeyson\", \"ter_snom\"=>\"anibal\", \"ter_pape\"=>\"palacio\", \"ter_sape\"=>\"palma\", \"tdo_cont\"=>1, \"ter_usua\"=>\"japalacio0108\", \"ter_pass\"=>\"8cb2237d0679ca88db6464eac60da96345513964\", \"ter_acti\"=>true, \"tus_cont\"=>1, \"ter_onli\"=>true, \"ter_inte\"=>0}','{\"tdo_cont\"=>1, \"ter_iden\"=>1070615270, \"ter_pnom\"=>\"jeyson\", \"ter_snom\"=>\"anibal\", \"ter_pape\"=>\"palacio\", \"ter_sape\"=>\"palma\", \"ter_usua\"=>\"japalacio0108\", \"ter_pass\"=>\"8cb2237d0679ca88db6464eac60da96345513964\", \"tus_cont\"=>1, \"ter_acti\"=>true, \"ter_onli\"=>false, \"ter_cont\"=>1, \"ter_inte\"=>0}',1,4,1,1),(9,'2017-11-07 15:23:23','/gn_terc','g-ginfo.local','127.0.0.1','{\"controller\"=>\"gn_terc\", \"action\"=>\"index\", \"pass\"=>nil, \"ter_pass\"=>nil}',NULL,NULL,2,6,1,1),(10,'2017-11-07 15:23:25','/logout','g-ginfo.local','127.0.0.1','{\"controller\"=>\"login\", \"action\"=>\"logout\", \"pass\"=>nil, \"ter_pass\"=>nil}',NULL,'Cerrar sesión',2,5,1,1),(11,'2017-11-07 15:23:25','/login','g-ginfo.local','127.0.0.1','{\"controller\"=>\"login\", \"action\"=>\"index\", \"pass\"=>nil, \"ter_pass\"=>nil}',NULL,NULL,2,6,NULL,1),(12,'2017-11-07 15:23:30','/login/auth','g-ginfo.local','127.0.0.1','{\"utf8\"=>\"✓\", \"authenticity_token\"=>\"ThpDusIQipsR62HFNj4iwebURO6V2QYoYOalda792b7cixrf+FQaYfrRL0CR/VRiOo5anTKGvpHCc0Gacydt/w==\", \"user\"=>\"camilo123\", \"pass\"=>\"[FILTERED]\", \"commit\"=>\"Iniciar Sesión\", \"controller\"=>\"login\", \"action\"=>\"auth\", \"ter_pass\"=>\"[FILTERED]\"}',NULL,'Iniciar sesión',1,3,2,1),(13,'2017-11-07 15:23:30','/home','g-ginfo.local','127.0.0.1','{\"controller\"=>\"home\", \"action\"=>\"index\", \"pass\"=>nil, \"ter_pass\"=>nil}',NULL,'{\"controller\"=>\"home\", \"action\"=>\"index\", \"pass\"=>nil, \"ter_pass\"=>nil}',2,6,2,1),(14,'2017-11-07 15:23:32','/logs/system','g-ginfo.local','127.0.0.1','{\"controller\"=>\"logs\", \"action\"=>\"system\", \"pass\"=>nil, \"ter_pass\"=>nil}',NULL,NULL,2,6,2,1),(15,'2017-11-07 15:26:24','/logout','g-ginfo.local','127.0.0.1','{\"controller\"=>\"login\", \"action\"=>\"logout\"}',NULL,'Cerrar sesión',2,5,2,1),(16,'2017-11-07 15:26:25','/login','g-ginfo.local','127.0.0.1','{\"controller\"=>\"login\", \"action\"=>\"index\"}',NULL,NULL,2,6,NULL,1),(17,'2017-11-07 15:26:52','/login/auth','g-ginfo.local','127.0.0.1','{\"utf8\"=>\"✓\", \"authenticity_token\"=>\"CojSA2kbPEatByNPhmWRwUqrj5T0/WcaIcA30V7u186YGYtmU1+svEY9bcohpudilvGR51Oi36ODVdM+gzRjjw==\", \"user\"=>\"japalacio0108\", \"pass\"=>\"[FILTERED]\", \"commit\"=>\"Iniciar Sesión\", \"controller\"=>\"login\", \"action\"=>\"auth\"}',NULL,'Iniciar sesión',1,3,1,1),(18,'2017-11-07 15:26:52','/home','g-ginfo.local','127.0.0.1','{\"controller\"=>\"home\", \"action\"=>\"index\"}',NULL,'{\"controller\"=>\"home\", \"action\"=>\"index\"}',2,6,1,1),(19,'2017-11-07 15:26:55','/gn_terc','g-ginfo.local','127.0.0.1','{\"controller\"=>\"gn_terc\", \"action\"=>\"index\"}',NULL,NULL,2,6,1,1),(20,'2017-11-07 15:26:57','/gn_terc/edit/1','g-ginfo.local','127.0.0.1','{\"controller\"=>\"gn_terc\", \"action\"=>\"edit\", \"id\"=>\"1\"}',NULL,NULL,2,6,1,1),(21,'2017-11-07 15:27:02','/gn_terc/save','g-ginfo.local','127.0.0.1','{\"utf8\"=>\"✓\", \"authenticity_token\"=>\"NvJmRpl6aZZqtPni2eYiAIvHpDMP4A2GmUCSBoz069rIFFMH7lPoMtxI03hd4FY6vyQnXF8pm7r2AJ1E+prokQ==\", \"ter_cont\"=>\"1\", \"tdo_cont\"=>\"1\", \"ter_iden\"=>\"1070615270\", \"ter_pnom\"=>\"jeyson\", \"ter_snom\"=>\"anibal\", \"ter_pape\"=>\"palacio\", \"ter_sape\"=>\"palma\", \"ter_usua\"=>\"japalacio0108\", \"tus_cont\"=>\"1\", \"ter_pass\"=>\"[FILTERED]\", \"confirmar\"=>\"12345\", \"ter_acti\"=>\"1\", \"commit\"=>\"Guardar\", \"controller\"=>\"gn_terc\", \"action\"=>\"save\"}',NULL,NULL,1,6,1,1),(22,'2017-11-07 15:27:49','/gn_terc/save','g-ginfo.local','127.0.0.1','{\"utf8\"=>\"✓\", \"authenticity_token\"=>\"NvJmRpl6aZZqtPni2eYiAIvHpDMP4A2GmUCSBoz069rIFFMH7lPoMtxI03hd4FY6vyQnXF8pm7r2AJ1E+prokQ==\", \"ter_cont\"=>\"1\", \"tdo_cont\"=>\"1\", \"ter_iden\"=>\"1070615270\", \"ter_pnom\"=>\"jeyson\", \"ter_snom\"=>\"anibal\", \"ter_pape\"=>\"palacio\", \"ter_sape\"=>\"palma\", \"ter_usua\"=>\"japalacio0108\", \"tus_cont\"=>\"1\", \"ter_pass\"=>\"[FILTERED]\", \"confirmar\"=>\"12345\", \"ter_acti\"=>\"1\", \"commit\"=>\"Guardar\", \"controller\"=>\"gn_terc\", \"action\"=>\"save\"}',NULL,NULL,1,6,1,1),(23,'2017-11-07 15:27:49','/gn_terc/save','g-ginfo.local','127.0.0.1','{\"utf8\"=>\"✓\", \"authenticity_token\"=>\"NvJmRpl6aZZqtPni2eYiAIvHpDMP4A2GmUCSBoz069rIFFMH7lPoMtxI03hd4FY6vyQnXF8pm7r2AJ1E+prokQ==\", \"ter_cont\"=>\"1\", \"tdo_cont\"=>\"1\", \"ter_iden\"=>\"1070615270\", \"ter_pnom\"=>\"jeyson\", \"ter_snom\"=>\"anibal\", \"ter_pape\"=>\"palacio\", \"ter_sape\"=>\"palma\", \"ter_usua\"=>\"japalacio0108\", \"tus_cont\"=>\"1\", \"ter_pass\"=>\"[FILTERED]\", \"confirmar\"=>\"12345\", \"ter_acti\"=>\"1\", \"commit\"=>\"Guardar\", \"controller\"=>\"gn_terc\", \"action\"=>\"save\"}','{\"ter_cont\"=>1, \"ter_iden\"=>1070615270, \"ter_pnom\"=>\"jeyson\", \"ter_snom\"=>\"anibal\", \"ter_pape\"=>\"palacio\", \"ter_sape\"=>\"palma\", \"tdo_cont\"=>1, \"ter_usua\"=>\"japalacio0108\", \"ter_pass\"=>\"8cb2237d0679ca88db6464eac60da96345513964\", \"ter_acti\"=>true, \"tus_cont\"=>1, \"ter_onli\"=>false, \"ter_inte\"=>0, :ter_pass=>\"[FILTERED]\"}','{\"tdo_cont\"=>1, \"ter_iden\"=>1070615270, \"ter_pnom\"=>\"jeyson\", \"ter_snom\"=>\"anibal\", \"ter_pape\"=>\"palacio\", \"ter_sape\"=>\"palma\", \"ter_usua\"=>\"japalacio0108\", \"ter_pass\"=>\"[FILTERED]\", \"tus_cont\"=>1, \"ter_acti\"=>true, \"ter_onli\"=>false, \"ter_cont\"=>1, \"ter_inte\"=>0}',1,4,1,1),(24,'2017-11-07 15:27:49','/gn_terc','g-ginfo.local','127.0.0.1','{\"controller\"=>\"gn_terc\", \"action\"=>\"index\"}',NULL,NULL,2,6,1,1),(25,'2017-11-07 15:27:52','/logout','g-ginfo.local','127.0.0.1','{\"controller\"=>\"login\", \"action\"=>\"logout\"}',NULL,'Cerrar sesión',2,5,1,1),(26,'2017-11-07 15:27:52','/login','g-ginfo.local','127.0.0.1','{\"controller\"=>\"login\", \"action\"=>\"index\"}',NULL,NULL,2,6,NULL,1),(27,'2017-11-07 15:27:57','/login/auth','g-ginfo.local','127.0.0.1','{\"utf8\"=>\"✓\", \"authenticity_token\"=>\"uiJ276uus2PSWJBYXzVRCU29ZJAKeeTO2kgI12re8rwosy+KkeojmTli3t349ieqked6460mXHd43ew4twRG/Q==\", \"user\"=>\"camilo123\", \"pass\"=>\"[FILTERED]\", \"commit\"=>\"Iniciar Sesión\", \"controller\"=>\"login\", \"action\"=>\"auth\"}',NULL,'Iniciar sesión',1,3,2,1),(28,'2017-11-07 15:27:57','/home','g-ginfo.local','127.0.0.1','{\"controller\"=>\"home\", \"action\"=>\"index\"}',NULL,'{\"controller\"=>\"home\", \"action\"=>\"index\"}',2,6,2,1),(29,'2017-11-07 15:27:58','/logs/system','g-ginfo.local','127.0.0.1','{\"controller\"=>\"logs\", \"action\"=>\"system\"}',NULL,NULL,2,6,2,1),(30,'2017-11-07 15:28:05','/logs/system','g-ginfo.local','127.0.0.1','{\"utf8\"=>\"✓\", \"fini\"=>\"\", \"fina\"=>\"\", \"usua\"=>\"\", \"request\"=>\"1\", \"crud\"=>\"3\", \"state\"=>\"\", \"commit\"=>\"Buscar\", \"controller\"=>\"logs\", \"action\"=>\"system\"}',NULL,NULL,2,6,2,1),(31,'2017-11-07 15:28:16','/logs/system','g-ginfo.local','127.0.0.1','{\"utf8\"=>\"✓\", \"fini\"=>\"\", \"fina\"=>\"\", \"usua\"=>\"\", \"request\"=>\"1\", \"crud\"=>\"4\", \"state\"=>\"\", \"commit\"=>\"Buscar\", \"controller\"=>\"logs\", \"action\"=>\"system\"}',NULL,NULL,2,6,2,1),(32,'2017-11-07 15:28:50','/logout','g-ginfo.local','127.0.0.1','{\"controller\"=>\"login\", \"action\"=>\"logout\"}',NULL,'Cerrar sesión',2,5,2,1),(33,'2017-11-07 15:28:50','/login','g-ginfo.local','127.0.0.1','{\"controller\"=>\"login\", \"action\"=>\"index\"}',NULL,NULL,2,6,NULL,1),(34,'2017-11-07 15:28:55','/login/auth','g-ginfo.local','127.0.0.1','{\"utf8\"=>\"✓\", \"authenticity_token\"=>\"8GVwThdyXD4PXUOPt1qA9YndWgXFyLIJkvxWOTV2VyZi9CkrLTbMxORnDQoQmfZWVYdEdmKXCrAwabLW6KzjZw==\", \"user\"=>\"japalacio0108\", \"pass\"=>\"[FILTERED]\", \"commit\"=>\"Iniciar Sesión\", \"controller\"=>\"login\", \"action\"=>\"auth\"}',NULL,'Iniciar sesión',1,3,1,1),(35,'2017-11-07 15:28:55','/home','g-ginfo.local','127.0.0.1','{\"controller\"=>\"home\", \"action\"=>\"index\"}',NULL,'{\"controller\"=>\"home\", \"action\"=>\"index\"}',2,6,1,1),(36,'2017-11-07 15:28:58','/gn_terc','g-ginfo.local','127.0.0.1','{\"controller\"=>\"gn_terc\", \"action\"=>\"index\"}',NULL,NULL,2,6,1,1),(37,'2017-11-07 15:28:59','/gn_terc/edit/2','g-ginfo.local','127.0.0.1','{\"controller\"=>\"gn_terc\", \"action\"=>\"edit\", \"id\"=>\"2\"}',NULL,NULL,2,6,1,1),(38,'2017-11-07 15:29:04','/gn_terc/save','g-ginfo.local','127.0.0.1','{\"utf8\"=>\"✓\", \"authenticity_token\"=>\"tTu7IxQG7sz+JyQt4XO0+rmCCBQGe4ewIWYY3FdjwN5L3Y5iYy9vaEjbDrdldcDAjWGLe1ayEYxOJheeIQ3DlQ==\", \"ter_cont\"=>\"2\", \"tdo_cont\"=>\"1\", \"ter_iden\"=>\"1234567\", \"ter_pnom\"=>\"camilo\", \"ter_snom\"=>\"andres\", \"ter_pape\"=>\"lopez\", \"ter_sape\"=>\"urquijo\", \"ter_usua\"=>\"camilo123\", \"tus_cont\"=>\"2\", \"ter_pass\"=>\"[FILTERED]\", \"confirmar\"=>\"12345\", \"ter_acti\"=>\"1\", \"commit\"=>\"Guardar\", \"controller\"=>\"gn_terc\", \"action\"=>\"save\"}',NULL,NULL,1,6,1,1),(39,'2017-11-07 15:29:04','/gn_terc/save','g-ginfo.local','127.0.0.1','{\"utf8\"=>\"✓\", \"authenticity_token\"=>\"tTu7IxQG7sz+JyQt4XO0+rmCCBQGe4ewIWYY3FdjwN5L3Y5iYy9vaEjbDrdldcDAjWGLe1ayEYxOJheeIQ3DlQ==\", \"ter_cont\"=>\"2\", \"tdo_cont\"=>\"1\", \"ter_iden\"=>\"1234567\", \"ter_pnom\"=>\"camilo\", \"ter_snom\"=>\"andres\", \"ter_pape\"=>\"lopez\", \"ter_sape\"=>\"urquijo\", \"ter_usua\"=>\"camilo123\", \"tus_cont\"=>\"2\", \"ter_pass\"=>\"[FILTERED]\", \"confirmar\"=>\"12345\", \"ter_acti\"=>\"1\", \"commit\"=>\"Guardar\", \"controller\"=>\"gn_terc\", \"action\"=>\"save\"}','{\"ter_cont\"=>2, \"ter_iden\"=>1234567, \"ter_pnom\"=>\"camilo\", \"ter_snom\"=>\"andres\", \"ter_pape\"=>\"lopez\", \"ter_sape\"=>\"urquijo\", \"tdo_cont\"=>1, \"ter_usua\"=>\"camilo123\", \"ter_pass\"=>\"[FILTERED]\", \"ter_acti\"=>true, \"tus_cont\"=>2, \"ter_onli\"=>false, \"ter_inte\"=>0}','{\"tdo_cont\"=>1, \"ter_iden\"=>1234567, \"ter_pnom\"=>\"camilo\", \"ter_snom\"=>\"andres\", \"ter_pape\"=>\"lopez\", \"ter_sape\"=>\"urquijo\", \"ter_usua\"=>\"camilo123\", \"ter_pass\"=>\"[FILTERED]\", \"tus_cont\"=>2, \"ter_acti\"=>true, \"ter_onli\"=>false, \"ter_cont\"=>2, \"ter_inte\"=>0}',1,4,1,1),(40,'2017-11-07 15:29:04','/gn_terc','g-ginfo.local','127.0.0.1','{\"controller\"=>\"gn_terc\", \"action\"=>\"index\"}',NULL,NULL,2,6,1,1),(41,'2017-11-07 15:29:05','/logout','g-ginfo.local','127.0.0.1','{\"controller\"=>\"login\", \"action\"=>\"logout\"}',NULL,'Cerrar sesión',2,5,1,1),(42,'2017-11-07 15:29:05','/login','g-ginfo.local','127.0.0.1','{\"controller\"=>\"login\", \"action\"=>\"index\"}',NULL,NULL,2,6,NULL,1),(43,'2017-11-07 15:29:11','/login/auth','g-ginfo.local','127.0.0.1','{\"utf8\"=>\"✓\", \"authenticity_token\"=>\"SI3ha0opJyvYaLcGn2dcUFjv58FyyjMV4AZGcXYGrmHaHLgOcG230TNS+YM4pCrzhLX5stWVi6xCk6Keq9waIA==\", \"user\"=>\"camilo123\", \"pass\"=>\"[FILTERED]\", \"commit\"=>\"Iniciar Sesión\", \"controller\"=>\"login\", \"action\"=>\"auth\"}',NULL,'Iniciar sesión',1,3,2,1),(44,'2017-11-07 15:29:11','/home','g-ginfo.local','127.0.0.1','{\"controller\"=>\"home\", \"action\"=>\"index\"}',NULL,'{\"controller\"=>\"home\", \"action\"=>\"index\"}',2,6,2,1),(45,'2017-11-07 15:29:12','/logs/system','g-ginfo.local','127.0.0.1','{\"controller\"=>\"logs\", \"action\"=>\"system\"}',NULL,NULL,2,6,2,1),(46,'2017-11-07 15:29:19','/logs/system','g-ginfo.local','127.0.0.1','{\"utf8\"=>\"✓\", \"fini\"=>\"\", \"fina\"=>\"\", \"usua\"=>\"\", \"request\"=>\"1\", \"crud\"=>\"4\", \"state\"=>\"\", \"commit\"=>\"Buscar\", \"controller\"=>\"logs\", \"action\"=>\"system\"}',NULL,NULL,2,6,2,1),(47,'2017-11-07 15:30:15','/logs/system','g-ginfo.local','127.0.0.1','{\"utf8\"=>\"✓\", \"usua\"=>\"ja\", \"commit\"=>\"Buscar\", \"controller\"=>\"logs\", \"action\"=>\"system\"}',NULL,NULL,2,6,2,1),(48,'2017-11-07 15:30:18','/logs/system','g-ginfo.local','127.0.0.1','{\"page\"=>\"3\", \"usua\"=>\"ja\", \"controller\"=>\"logs\", \"action\"=>\"system\"}',NULL,NULL,2,6,2,1),(49,'2017-11-07 15:30:24','/logs/system','g-ginfo.local','127.0.0.1','{\"utf8\"=>\"✓\", \"fini\"=>\"\", \"fina\"=>\"\", \"usua\"=>\"a\", \"request\"=>\"\", \"crud\"=>\"\", \"state\"=>\"\", \"commit\"=>\"Buscar\", \"controller\"=>\"logs\", \"action\"=>\"system\"}',NULL,NULL,2,6,2,1),(50,'2017-11-07 15:30:26','/logs/system','g-ginfo.local','127.0.0.1','{\"crud\"=>\"\", \"fina\"=>\"\", \"fini\"=>\"\", \"page\"=>\"5\", \"request\"=>\"\", \"state\"=>\"\", \"usua\"=>\"a\", \"controller\"=>\"logs\", \"action\"=>\"system\"}',NULL,NULL,2,6,2,1),(51,'2017-11-07 15:30:39','/logs/system','g-ginfo.local','127.0.0.1','{\"crud\"=>\"\", \"fina\"=>\"\", \"fini\"=>\"\", \"page\"=>\"4\", \"request\"=>\"\", \"state\"=>\"\", \"usua\"=>\"a\", \"controller\"=>\"logs\", \"action\"=>\"system\"}',NULL,NULL,2,6,2,1),(52,'2017-11-07 15:30:47','/logs/system','g-ginfo.local','127.0.0.1','{\"crud\"=>\"\", \"fina\"=>\"\", \"fini\"=>\"\", \"page\"=>\"5\", \"request\"=>\"\", \"state\"=>\"\", \"usua\"=>\"a\", \"controller\"=>\"logs\", \"action\"=>\"system\"}',NULL,NULL,2,6,2,1),(53,'2017-11-07 15:31:17','/logout','g-ginfo.local','127.0.0.1','{\"controller\"=>\"login\", \"action\"=>\"logout\"}',NULL,'Cerrar sesión',2,5,2,1),(54,'2017-11-07 15:31:17','/login','g-ginfo.local','127.0.0.1','{\"controller\"=>\"login\", \"action\"=>\"index\"}',NULL,NULL,2,6,NULL,1),(55,'2017-11-07 15:42:09','/login/auth','g-ginfo.local','127.0.0.1','{\"utf8\"=>\"✓\", \"authenticity_token\"=>\"GaHvQLMJhAvCMGieqP7eeOt7oNHLsRngHhEymnVam76LMLYliU0U8SkKJhsPPajbNyG+omzuoVm8hNZ1qIAv/w==\", \"user\"=>\"japalacio0108\", \"pass\"=>\"[FILTERED]\", \"commit\"=>\"Iniciar Sesión\", \"controller\"=>\"login\", \"action\"=>\"auth\"}',NULL,'Iniciar sesión',1,3,1,1),(56,'2017-11-07 15:42:09','/home','g-ginfo.local','127.0.0.1','{\"controller\"=>\"home\", \"action\"=>\"index\"}',NULL,'{\"controller\"=>\"home\", \"action\"=>\"index\"}',2,6,1,1),(57,'2017-11-07 15:42:12','/gn_terc','g-ginfo.local','127.0.0.1','{\"controller\"=>\"gn_terc\", \"action\"=>\"index\"}',NULL,NULL,2,6,1,1),(58,'2017-11-07 15:42:14','/gn_terc/show/1','g-ginfo.local','127.0.0.1','{\"controller\"=>\"gn_terc\", \"action\"=>\"show\", \"id\"=>\"1\"}',NULL,NULL,2,6,1,1),(59,'2017-11-07 15:42:17','/gn_terc/edit/1','g-ginfo.local','127.0.0.1','{\"controller\"=>\"gn_terc\", \"action\"=>\"edit\", \"id\"=>\"1\"}',NULL,NULL,2,6,1,1),(60,'2017-11-07 15:42:19','/gn_terc/save','g-ginfo.local','127.0.0.1','{\"utf8\"=>\"✓\", \"authenticity_token\"=>\"ZcGHssBqU6HgL1iqGim+G/LALVYbxsEHXQFtJWYptVmbJ7Lzt0PSBVbTcjCeL8ohxiOuOUsPVzsyQWJnEEe2Eg==\", \"ter_cont\"=>\"1\", \"tdo_cont\"=>\"1\", \"ter_iden\"=>\"1070615270\", \"ter_pnom\"=>\"jeyson\", \"ter_snom\"=>\"anibal\", \"ter_pape\"=>\"palacio\", \"ter_sape\"=>\"palma\", \"ter_usua\"=>\"japalacio0108\", \"tus_cont\"=>\"1\", \"ter_pass\"=>\"[FILTERED]\", \"confirmar\"=>\"\", \"ter_acti\"=>\"1\", \"commit\"=>\"Guardar\", \"controller\"=>\"gn_terc\", \"action\"=>\"save\"}',NULL,NULL,1,6,1,1),(61,'2017-11-07 15:42:19','/gn_terc/save','g-ginfo.local','127.0.0.1','{\"utf8\"=>\"✓\", \"authenticity_token\"=>\"ZcGHssBqU6HgL1iqGim+G/LALVYbxsEHXQFtJWYptVmbJ7Lzt0PSBVbTcjCeL8ohxiOuOUsPVzsyQWJnEEe2Eg==\", \"ter_cont\"=>\"1\", \"tdo_cont\"=>\"1\", \"ter_iden\"=>\"1070615270\", \"ter_pnom\"=>\"jeyson\", \"ter_snom\"=>\"anibal\", \"ter_pape\"=>\"palacio\", \"ter_sape\"=>\"palma\", \"ter_usua\"=>\"japalacio0108\", \"tus_cont\"=>\"1\", \"ter_pass\"=>\"[FILTERED]\", \"confirmar\"=>\"\", \"ter_acti\"=>\"1\", \"commit\"=>\"Guardar\", \"controller\"=>\"gn_terc\", \"action\"=>\"save\"}','{\"ter_cont\"=>1, \"ter_iden\"=>1070615270, \"ter_pnom\"=>\"jeyson\", \"ter_snom\"=>\"anibal\", \"ter_pape\"=>\"palacio\", \"ter_sape\"=>\"palma\", \"tdo_cont\"=>1, \"ter_usua\"=>\"japalacio0108\", \"ter_pass\"=>\"[FILTERED]\", \"ter_acti\"=>true, \"tus_cont\"=>1, \"ter_onli\"=>true, \"ter_inte\"=>0}','{\"tdo_cont\"=>1, \"ter_iden\"=>1070615270, \"ter_pnom\"=>\"jeyson\", \"ter_snom\"=>\"anibal\", \"ter_pape\"=>\"palacio\", \"ter_sape\"=>\"palma\", \"ter_usua\"=>\"japalacio0108\", \"ter_pass\"=>\"[FILTERED]\", \"tus_cont\"=>1, \"ter_acti\"=>true, \"ter_onli\"=>false, \"ter_cont\"=>1, \"ter_inte\"=>0}',1,4,1,1),(62,'2017-11-07 15:42:19','/gn_terc','g-ginfo.local','127.0.0.1','{\"controller\"=>\"gn_terc\", \"action\"=>\"index\"}',NULL,NULL,2,6,1,1),(63,'2017-11-07 15:42:46','/gn_terc/edit/1','g-ginfo.local','127.0.0.1','{\"controller\"=>\"gn_terc\", \"action\"=>\"edit\", \"id\"=>\"1\"}',NULL,NULL,2,6,1,1),(64,'2017-11-07 15:42:53','/gn_terc/save','g-ginfo.local','127.0.0.1','{\"utf8\"=>\"✓\", \"authenticity_token\"=>\"Fk3uxGLUeABgbzH1A/KLb7NduT2/VqSzir+bRu00Afboq9uFFf35pNaTG2+H9P9Vh746Uu+fMo/l/5QEm1oCvQ==\", \"ter_cont\"=>\"1\", \"tdo_cont\"=>\"1\", \"ter_iden\"=>\"1070615270\", \"ter_pnom\"=>\"jeyson\", \"ter_snom\"=>\"anibal\", \"ter_pape\"=>\"palacio\", \"ter_sape\"=>\"palma\", \"ter_usua\"=>\"japalacio0108\", \"tus_cont\"=>\"1\", \"ter_pass\"=>\"[FILTERED]\", \"confirmar\"=>\"12345\", \"ter_acti\"=>\"1\", \"commit\"=>\"Guardar\", \"controller\"=>\"gn_terc\", \"action\"=>\"save\"}',NULL,NULL,1,6,1,1),(65,'2017-11-07 15:42:53','/gn_terc/save','g-ginfo.local','127.0.0.1','{\"utf8\"=>\"✓\", \"authenticity_token\"=>\"Fk3uxGLUeABgbzH1A/KLb7NduT2/VqSzir+bRu00Afboq9uFFf35pNaTG2+H9P9Vh746Uu+fMo/l/5QEm1oCvQ==\", \"ter_cont\"=>\"1\", \"tdo_cont\"=>\"1\", \"ter_iden\"=>\"1070615270\", \"ter_pnom\"=>\"jeyson\", \"ter_snom\"=>\"anibal\", \"ter_pape\"=>\"palacio\", \"ter_sape\"=>\"palma\", \"ter_usua\"=>\"japalacio0108\", \"tus_cont\"=>\"1\", \"ter_pass\"=>\"[FILTERED]\", \"confirmar\"=>\"12345\", \"ter_acti\"=>\"1\", \"commit\"=>\"Guardar\", \"controller\"=>\"gn_terc\", \"action\"=>\"save\"}','{\"ter_cont\"=>1, \"ter_iden\"=>1070615270, \"ter_pnom\"=>\"jeyson\", \"ter_snom\"=>\"anibal\", \"ter_pape\"=>\"palacio\", \"ter_sape\"=>\"palma\", \"tdo_cont\"=>1, \"ter_usua\"=>\"japalacio0108\", \"ter_pass\"=>\"[FILTERED]\", \"ter_acti\"=>true, \"tus_cont\"=>1, \"ter_onli\"=>false, \"ter_inte\"=>0}','{\"tdo_cont\"=>1, \"ter_iden\"=>1070615270, \"ter_pnom\"=>\"jeyson\", \"ter_snom\"=>\"anibal\", \"ter_pape\"=>\"palacio\", \"ter_sape\"=>\"palma\", \"ter_usua\"=>\"japalacio0108\", \"ter_pass\"=>\"[FILTERED]\", \"tus_cont\"=>1, \"ter_acti\"=>true, \"ter_onli\"=>false, \"ter_cont\"=>1, \"ter_inte\"=>0}',1,4,1,1),(66,'2017-11-07 15:42:53','/gn_terc','g-ginfo.local','127.0.0.1','{\"controller\"=>\"gn_terc\", \"action\"=>\"index\"}',NULL,NULL,2,6,1,1),(67,'2017-11-07 15:43:20','/au_crud','g-ginfo.local','127.0.0.1','{\"controller\"=>\"au_crud\", \"action\"=>\"index\"}',NULL,NULL,2,6,1,1),(68,'2017-11-07 15:43:22','/gn_tdoc','g-ginfo.local','127.0.0.1','{\"controller\"=>\"gn_tdoc\", \"action\"=>\"index\"}',NULL,NULL,2,6,1,1),(69,'2017-11-07 17:38:10','/gn_tdoc','g-ginfo.local','127.0.0.1','{\"controller\"=>\"gn_tdoc\", \"action\"=>\"index\"}',NULL,NULL,2,6,1,1),(70,'2017-11-07 17:38:25','/gn_tdoc','g-ginfo.local','127.0.0.1','{\"controller\"=>\"gn_tdoc\", \"action\"=>\"index\"}',NULL,NULL,2,6,1,1),(71,'2017-11-07 17:38:31','/gn_tusu','g-ginfo.local','127.0.0.1','{\"controller\"=>\"gn_tusu\", \"action\"=>\"index\"}',NULL,NULL,2,6,1,1),(72,'2017-11-07 17:38:43','/gn_terc','g-ginfo.local','127.0.0.1','{\"controller\"=>\"gn_terc\", \"action\"=>\"index\"}',NULL,NULL,2,6,1,1),(73,'2017-11-07 17:38:46','/gn_terc/edit/1','g-ginfo.local','127.0.0.1','{\"controller\"=>\"gn_terc\", \"action\"=>\"edit\", \"id\"=>\"1\"}',NULL,NULL,2,6,1,1),(74,'2017-11-07 17:38:49','/gn_terc/save','g-ginfo.local','127.0.0.1','{\"utf8\"=>\"✓\", \"authenticity_token\"=>\"LFJg8Yq6w9B+PVZ1B/v+ztTyzv/u4NEEzMn8R+MjXYHStFWw/ZNCdMjBfO+D/Yr04BFNkL4pRzijifMFlU1eyg==\", \"ter_cont\"=>\"1\", \"tdo_cont\"=>\"1\", \"ter_iden\"=>\"1070615270\", \"ter_pnom\"=>\"jeyson\", \"ter_snom\"=>\"anibal\", \"ter_pape\"=>\"palacio\", \"ter_sape\"=>\"palma\", \"ter_usua\"=>\"japalacio0108\", \"tus_cont\"=>\"1\", \"ter_pass\"=>\"[FILTERED]\", \"confirmar\"=>\"\", \"ter_acti\"=>\"1\", \"commit\"=>\"Guardar\", \"controller\"=>\"gn_terc\", \"action\"=>\"save\"}',NULL,NULL,1,6,1,1),(75,'2017-11-07 17:38:50','/gn_terc/save','g-ginfo.local','127.0.0.1','{\"utf8\"=>\"✓\", \"authenticity_token\"=>\"LFJg8Yq6w9B+PVZ1B/v+ztTyzv/u4NEEzMn8R+MjXYHStFWw/ZNCdMjBfO+D/Yr04BFNkL4pRzijifMFlU1eyg==\", \"ter_cont\"=>\"1\", \"tdo_cont\"=>\"1\", \"ter_iden\"=>\"1070615270\", \"ter_pnom\"=>\"jeyson\", \"ter_snom\"=>\"anibal\", \"ter_pape\"=>\"palacio\", \"ter_sape\"=>\"palma\", \"ter_usua\"=>\"japalacio0108\", \"tus_cont\"=>\"1\", \"ter_pass\"=>\"[FILTERED]\", \"confirmar\"=>\"\", \"ter_acti\"=>\"1\", \"commit\"=>\"Guardar\", \"controller\"=>\"gn_terc\", \"action\"=>\"save\"}','{\"ter_cont\"=>1, \"ter_iden\"=>1070615270, \"ter_pnom\"=>\"jeyson\", \"ter_snom\"=>\"anibal\", \"ter_pape\"=>\"palacio\", \"ter_sape\"=>\"palma\", \"tdo_cont\"=>1, \"ter_usua\"=>\"japalacio0108\", \"ter_pass\"=>\"[FILTERED]\", \"ter_acti\"=>true, \"tus_cont\"=>1, \"ter_onli\"=>false, \"ter_inte\"=>0}','{\"tdo_cont\"=>1, \"ter_iden\"=>1070615270, \"ter_pnom\"=>\"jeyson\", \"ter_snom\"=>\"anibal\", \"ter_pape\"=>\"palacio\", \"ter_sape\"=>\"palma\", \"ter_usua\"=>\"japalacio0108\", \"ter_pass\"=>\"[FILTERED]\", \"tus_cont\"=>1, \"ter_acti\"=>true, \"ter_onli\"=>false, \"ter_cont\"=>1, \"ter_inte\"=>0}',1,4,1,1),(76,'2017-11-07 17:38:50','/gn_terc','g-ginfo.local','127.0.0.1','{\"controller\"=>\"gn_terc\", \"action\"=>\"index\"}',NULL,NULL,2,6,1,1),(77,'2017-11-07 17:38:52','/gn_terc/edit/1','g-ginfo.local','127.0.0.1','{\"controller\"=>\"gn_terc\", \"action\"=>\"edit\", \"id\"=>\"1\"}',NULL,NULL,2,6,1,1),(78,'2017-11-07 17:39:12','/gn_terc/edit/1','g-ginfo.local','127.0.0.1','{\"controller\"=>\"gn_terc\", \"action\"=>\"edit\", \"id\"=>\"1\"}',NULL,NULL,2,6,1,1),(79,'2017-11-07 17:39:53','/gn_terc/edit/1','g-ginfo.local','127.0.0.1','{\"controller\"=>\"gn_terc\", \"action\"=>\"edit\", \"id\"=>\"1\"}',NULL,NULL,2,6,1,1),(80,'2017-11-07 17:40:59','/gn_terc/edit/1','g-ginfo.local','127.0.0.1','{\"controller\"=>\"gn_terc\", \"action\"=>\"edit\", \"id\"=>\"1\"}',NULL,NULL,2,6,1,1),(81,'2017-11-07 17:41:38','/gn_tdoc','g-ginfo.local','127.0.0.1','{\"controller\"=>\"gn_tdoc\", \"action\"=>\"index\"}',NULL,NULL,2,6,1,1),(82,'2017-11-07 17:42:16','/gn_tdoc','g-ginfo.local','127.0.0.1','{\"controller\"=>\"gn_tdoc\", \"action\"=>\"index\"}',NULL,NULL,2,6,1,1),(83,'2017-11-07 17:42:21','/gn_tdoc','g-ginfo.local','127.0.0.1','{\"controller\"=>\"gn_tdoc\", \"action\"=>\"index\"}',NULL,NULL,2,6,1,1),(84,'2017-11-07 17:42:30','/au_crud','g-ginfo.local','127.0.0.1','{\"controller\"=>\"au_crud\", \"action\"=>\"index\"}',NULL,NULL,2,6,1,1),(85,'2017-11-07 17:44:08','/au_crud','g-ginfo.local','127.0.0.1','{\"controller\"=>\"au_crud\", \"action\"=>\"index\"}',NULL,NULL,2,6,1,1),(86,'2017-11-08 14:09:24','/gn_terc','g-ginfo.local','127.0.0.1','{\"controller\"=>\"gn_terc\", \"action\"=>\"index\"}',NULL,NULL,2,6,1,1),(87,'2017-11-08 14:17:17','/gn_terc/new','g-ginfo.local','127.0.0.1','{\"controller\"=>\"gn_terc\", \"action\"=>\"new\"}',NULL,NULL,2,6,1,1),(88,'2017-11-08 14:18:45','/gn_terc/new','g-ginfo.local','127.0.0.1','{\"controller\"=>\"gn_terc\", \"action\"=>\"new\"}',NULL,NULL,2,6,1,1),(89,'2017-11-08 14:18:48','/gn_terc/document','g-ginfo.local','127.0.0.1','{\"authenticity_token\"=>\"6UhsEoi+9f0doo/QmhUOIGZxAWmMi+ZOE9OpIJ/+gp4hOze+HObURUM/7M5lYY7xuAH4/mZnZsCcQQde64XKCg==\", \"form\"=>{\"val\"=>\"1\"}, \"ter_iden\"=>\"1\", \"controller\"=>\"gn_terc\", \"action\"=>\"check_document\"}',NULL,NULL,1,6,1,1),(90,'2017-11-08 14:18:48','/gn_terc/document','g-ginfo.local','127.0.0.1','{\"authenticity_token\"=>\"6UhsEoi+9f0doo/QmhUOIGZxAWmMi+ZOE9OpIJ/+gp4hOze+HObURUM/7M5lYY7xuAH4/mZnZsCcQQde64XKCg==\", \"form\"=>{\"val\"=>\"12\"}, \"ter_iden\"=>\"12\", \"controller\"=>\"gn_terc\", \"action\"=>\"check_document\"}',NULL,NULL,1,6,1,1),(91,'2017-11-08 14:18:49','/gn_terc/document','g-ginfo.local','127.0.0.1','{\"authenticity_token\"=>\"6UhsEoi+9f0doo/QmhUOIGZxAWmMi+ZOE9OpIJ/+gp4hOze+HObURUM/7M5lYY7xuAH4/mZnZsCcQQde64XKCg==\", \"form\"=>{\"val\"=>\"123\"}, \"ter_iden\"=>\"123\", \"controller\"=>\"gn_terc\", \"action\"=>\"check_document\"}',NULL,NULL,1,6,1,1),(92,'2017-11-08 14:18:49','/gn_terc/document','g-ginfo.local','127.0.0.1','{\"authenticity_token\"=>\"6UhsEoi+9f0doo/QmhUOIGZxAWmMi+ZOE9OpIJ/+gp4hOze+HObURUM/7M5lYY7xuAH4/mZnZsCcQQde64XKCg==\", \"form\"=>{\"val\"=>\"1234\"}, \"ter_iden\"=>\"1234\", \"controller\"=>\"gn_terc\", \"action\"=>\"check_document\"}',NULL,NULL,1,6,1,1),(93,'2017-11-08 14:18:49','/gn_terc/document','g-ginfo.local','127.0.0.1','{\"authenticity_token\"=>\"6UhsEoi+9f0doo/QmhUOIGZxAWmMi+ZOE9OpIJ/+gp4hOze+HObURUM/7M5lYY7xuAH4/mZnZsCcQQde64XKCg==\", \"form\"=>{\"val\"=>\"12345\"}, \"ter_iden\"=>\"12345\", \"controller\"=>\"gn_terc\", \"action\"=>\"check_document\"}',NULL,NULL,1,6,1,1),(94,'2017-11-08 14:18:50','/gn_terc/document','g-ginfo.local','127.0.0.1','{\"authenticity_token\"=>\"6UhsEoi+9f0doo/QmhUOIGZxAWmMi+ZOE9OpIJ/+gp4hOze+HObURUM/7M5lYY7xuAH4/mZnZsCcQQde64XKCg==\", \"form\"=>{\"val\"=>\"123456\"}, \"ter_iden\"=>\"123456\", \"controller\"=>\"gn_terc\", \"action\"=>\"check_document\"}',NULL,NULL,1,6,1,1),(95,'2017-11-08 14:18:50','/gn_terc/document','g-ginfo.local','127.0.0.1','{\"authenticity_token\"=>\"6UhsEoi+9f0doo/QmhUOIGZxAWmMi+ZOE9OpIJ/+gp4hOze+HObURUM/7M5lYY7xuAH4/mZnZsCcQQde64XKCg==\", \"form\"=>{\"val\"=>\"1234567\"}, \"ter_iden\"=>\"1234567\", \"controller\"=>\"gn_terc\", \"action\"=>\"check_document\"}',NULL,NULL,1,6,1,1),(96,'2017-11-08 14:18:50','/gn_terc/document','g-ginfo.local','127.0.0.1','{\"authenticity_token\"=>\"6UhsEoi+9f0doo/QmhUOIGZxAWmMi+ZOE9OpIJ/+gp4hOze+HObURUM/7M5lYY7xuAH4/mZnZsCcQQde64XKCg==\", \"form\"=>{\"val\"=>\"12345678\"}, \"ter_iden\"=>\"12345678\", \"controller\"=>\"gn_terc\", \"action\"=>\"check_document\"}',NULL,NULL,1,6,1,1),(97,'2017-11-08 14:18:53','/gn_terc/document','g-ginfo.local','127.0.0.1','{\"authenticity_token\"=>\"6UhsEoi+9f0doo/QmhUOIGZxAWmMi+ZOE9OpIJ/+gp4hOze+HObURUM/7M5lYY7xuAH4/mZnZsCcQQde64XKCg==\", \"form\"=>{\"val\"=>\"1\"}, \"ter_iden\"=>\"1\", \"controller\"=>\"gn_terc\", \"action\"=>\"check_document\"}',NULL,NULL,1,6,1,1),(98,'2017-11-08 14:18:53','/gn_terc/document','g-ginfo.local','127.0.0.1','{\"authenticity_token\"=>\"6UhsEoi+9f0doo/QmhUOIGZxAWmMi+ZOE9OpIJ/+gp4hOze+HObURUM/7M5lYY7xuAH4/mZnZsCcQQde64XKCg==\", \"form\"=>{\"val\"=>\"10\"}, \"ter_iden\"=>\"10\", \"controller\"=>\"gn_terc\", \"action\"=>\"check_document\"}',NULL,NULL,1,6,1,1),(99,'2017-11-08 14:18:53','/gn_terc/document','g-ginfo.local','127.0.0.1','{\"authenticity_token\"=>\"6UhsEoi+9f0doo/QmhUOIGZxAWmMi+ZOE9OpIJ/+gp4hOze+HObURUM/7M5lYY7xuAH4/mZnZsCcQQde64XKCg==\", \"form\"=>{\"val\"=>\"107\"}, \"ter_iden\"=>\"107\", \"controller\"=>\"gn_terc\", \"action\"=>\"check_document\"}',NULL,NULL,1,6,1,1),(100,'2017-11-08 14:18:53','/gn_terc/document','g-ginfo.local','127.0.0.1','{\"authenticity_token\"=>\"6UhsEoi+9f0doo/QmhUOIGZxAWmMi+ZOE9OpIJ/+gp4hOze+HObURUM/7M5lYY7xuAH4/mZnZsCcQQde64XKCg==\", \"form\"=>{\"val\"=>\"1070\"}, \"ter_iden\"=>\"1070\", \"controller\"=>\"gn_terc\", \"action\"=>\"check_document\"}',NULL,NULL,1,6,1,1),(101,'2017-11-08 14:18:53','/gn_terc/document','g-ginfo.local','127.0.0.1','{\"authenticity_token\"=>\"6UhsEoi+9f0doo/QmhUOIGZxAWmMi+ZOE9OpIJ/+gp4hOze+HObURUM/7M5lYY7xuAH4/mZnZsCcQQde64XKCg==\", \"form\"=>{\"val\"=>\"10706\"}, \"ter_iden\"=>\"10706\", \"controller\"=>\"gn_terc\", \"action\"=>\"check_document\"}',NULL,NULL,1,6,1,1),(102,'2017-11-08 14:18:54','/gn_terc/document','g-ginfo.local','127.0.0.1','{\"authenticity_token\"=>\"6UhsEoi+9f0doo/QmhUOIGZxAWmMi+ZOE9OpIJ/+gp4hOze+HObURUM/7M5lYY7xuAH4/mZnZsCcQQde64XKCg==\", \"form\"=>{\"val\"=>\"107061\"}, \"ter_iden\"=>\"107061\", \"controller\"=>\"gn_terc\", \"action\"=>\"check_document\"}',NULL,NULL,1,6,1,1),(103,'2017-11-08 14:18:54','/gn_terc/document','g-ginfo.local','127.0.0.1','{\"authenticity_token\"=>\"6UhsEoi+9f0doo/QmhUOIGZxAWmMi+ZOE9OpIJ/+gp4hOze+HObURUM/7M5lYY7xuAH4/mZnZsCcQQde64XKCg==\", \"form\"=>{\"val\"=>\"1070615\"}, \"ter_iden\"=>\"1070615\", \"controller\"=>\"gn_terc\", \"action\"=>\"check_document\"}',NULL,NULL,1,6,1,1),(104,'2017-11-08 14:18:54','/gn_terc/document','g-ginfo.local','127.0.0.1','{\"authenticity_token\"=>\"6UhsEoi+9f0doo/QmhUOIGZxAWmMi+ZOE9OpIJ/+gp4hOze+HObURUM/7M5lYY7xuAH4/mZnZsCcQQde64XKCg==\", \"form\"=>{\"val\"=>\"10706152\"}, \"ter_iden\"=>\"10706152\", \"controller\"=>\"gn_terc\", \"action\"=>\"check_document\"}',NULL,NULL,1,6,1,1),(105,'2017-11-08 14:18:54','/gn_terc/document','g-ginfo.local','127.0.0.1','{\"authenticity_token\"=>\"6UhsEoi+9f0doo/QmhUOIGZxAWmMi+ZOE9OpIJ/+gp4hOze+HObURUM/7M5lYY7xuAH4/mZnZsCcQQde64XKCg==\", \"form\"=>{\"val\"=>\"107061527\"}, \"ter_iden\"=>\"107061527\", \"controller\"=>\"gn_terc\", \"action\"=>\"check_document\"}',NULL,NULL,1,6,1,1),(106,'2017-11-08 14:18:54','/gn_terc/document','g-ginfo.local','127.0.0.1','{\"authenticity_token\"=>\"6UhsEoi+9f0doo/QmhUOIGZxAWmMi+ZOE9OpIJ/+gp4hOze+HObURUM/7M5lYY7xuAH4/mZnZsCcQQde64XKCg==\", \"form\"=>{\"val\"=>\"1070615270\"}, \"ter_iden\"=>\"1070615270\", \"controller\"=>\"gn_terc\", \"action\"=>\"check_document\"}',NULL,NULL,1,6,1,1),(107,'2017-11-08 14:18:59','/gn_terc/user','g-ginfo.local','127.0.0.1','{\"authenticity_token\"=>\"6UhsEoi+9f0doo/QmhUOIGZxAWmMi+ZOE9OpIJ/+gp4hOze+HObURUM/7M5lYY7xuAH4/mZnZsCcQQde64XKCg==\", \"form\"=>{\"val\"=>\"j\"}, \"ter_usua\"=>\"j\", \"controller\"=>\"gn_terc\", \"action\"=>\"check_user\"}',NULL,NULL,1,6,1,1),(108,'2017-11-08 14:18:59','/gn_terc/user','g-ginfo.local','127.0.0.1','{\"authenticity_token\"=>\"6UhsEoi+9f0doo/QmhUOIGZxAWmMi+ZOE9OpIJ/+gp4hOze+HObURUM/7M5lYY7xuAH4/mZnZsCcQQde64XKCg==\", \"form\"=>{\"val\"=>\"ja\"}, \"ter_usua\"=>\"ja\", \"controller\"=>\"gn_terc\", \"action\"=>\"check_user\"}',NULL,NULL,1,6,1,1),(109,'2017-11-08 14:18:59','/gn_terc/user','g-ginfo.local','127.0.0.1','{\"authenticity_token\"=>\"6UhsEoi+9f0doo/QmhUOIGZxAWmMi+ZOE9OpIJ/+gp4hOze+HObURUM/7M5lYY7xuAH4/mZnZsCcQQde64XKCg==\", \"form\"=>{\"val\"=>\"jap\"}, \"ter_usua\"=>\"jap\", \"controller\"=>\"gn_terc\", \"action\"=>\"check_user\"}',NULL,NULL,1,6,1,1),(110,'2017-11-08 14:18:59','/gn_terc/user','g-ginfo.local','127.0.0.1','{\"authenticity_token\"=>\"6UhsEoi+9f0doo/QmhUOIGZxAWmMi+ZOE9OpIJ/+gp4hOze+HObURUM/7M5lYY7xuAH4/mZnZsCcQQde64XKCg==\", \"form\"=>{\"val\"=>\"japa\"}, \"ter_usua\"=>\"japa\", \"controller\"=>\"gn_terc\", \"action\"=>\"check_user\"}',NULL,NULL,1,6,1,1),(111,'2017-11-08 14:18:59','/gn_terc/user','g-ginfo.local','127.0.0.1','{\"authenticity_token\"=>\"6UhsEoi+9f0doo/QmhUOIGZxAWmMi+ZOE9OpIJ/+gp4hOze+HObURUM/7M5lYY7xuAH4/mZnZsCcQQde64XKCg==\", \"form\"=>{\"val\"=>\"japal\"}, \"ter_usua\"=>\"japal\", \"controller\"=>\"gn_terc\", \"action\"=>\"check_user\"}',NULL,NULL,1,6,1,1),(112,'2017-11-08 14:18:59','/gn_terc/user','g-ginfo.local','127.0.0.1','{\"authenticity_token\"=>\"6UhsEoi+9f0doo/QmhUOIGZxAWmMi+ZOE9OpIJ/+gp4hOze+HObURUM/7M5lYY7xuAH4/mZnZsCcQQde64XKCg==\", \"form\"=>{\"val\"=>\"japala\"}, \"ter_usua\"=>\"japala\", \"controller\"=>\"gn_terc\", \"action\"=>\"check_user\"}',NULL,NULL,1,6,1,1),(113,'2017-11-08 14:19:00','/gn_terc/user','g-ginfo.local','127.0.0.1','{\"authenticity_token\"=>\"6UhsEoi+9f0doo/QmhUOIGZxAWmMi+ZOE9OpIJ/+gp4hOze+HObURUM/7M5lYY7xuAH4/mZnZsCcQQde64XKCg==\", \"form\"=>{\"val\"=>\"japalac\"}, \"ter_usua\"=>\"japalac\", \"controller\"=>\"gn_terc\", \"action\"=>\"check_user\"}',NULL,NULL,1,6,1,1),(114,'2017-11-08 14:19:00','/gn_terc/user','g-ginfo.local','127.0.0.1','{\"authenticity_token\"=>\"6UhsEoi+9f0doo/QmhUOIGZxAWmMi+ZOE9OpIJ/+gp4hOze+HObURUM/7M5lYY7xuAH4/mZnZsCcQQde64XKCg==\", \"form\"=>{\"val\"=>\"japalaci\"}, \"ter_usua\"=>\"japalaci\", \"controller\"=>\"gn_terc\", \"action\"=>\"check_user\"}',NULL,NULL,1,6,1,1),(115,'2017-11-08 14:19:00','/gn_terc/user','g-ginfo.local','127.0.0.1','{\"authenticity_token\"=>\"6UhsEoi+9f0doo/QmhUOIGZxAWmMi+ZOE9OpIJ/+gp4hOze+HObURUM/7M5lYY7xuAH4/mZnZsCcQQde64XKCg==\", \"form\"=>{\"val\"=>\"japalacio\"}, \"ter_usua\"=>\"japalacio\", \"controller\"=>\"gn_terc\", \"action\"=>\"check_user\"}',NULL,NULL,1,6,1,1),(116,'2017-11-08 14:19:00','/gn_terc/user','g-ginfo.local','127.0.0.1','{\"authenticity_token\"=>\"6UhsEoi+9f0doo/QmhUOIGZxAWmMi+ZOE9OpIJ/+gp4hOze+HObURUM/7M5lYY7xuAH4/mZnZsCcQQde64XKCg==\", \"form\"=>{\"val\"=>\"japalacio0\"}, \"ter_usua\"=>\"japalacio0\", \"controller\"=>\"gn_terc\", \"action\"=>\"check_user\"}',NULL,NULL,1,6,1,1),(117,'2017-11-08 14:19:02','/gn_terc/user','g-ginfo.local','127.0.0.1','{\"authenticity_token\"=>\"6UhsEoi+9f0doo/QmhUOIGZxAWmMi+ZOE9OpIJ/+gp4hOze+HObURUM/7M5lYY7xuAH4/mZnZsCcQQde64XKCg==\", \"form\"=>{\"val\"=>\"japalacio0108\"}, \"ter_usua\"=>\"japalacio0108\", \"controller\"=>\"gn_terc\", \"action\"=>\"check_user\"}',NULL,NULL,1,6,1,1),(118,'2017-11-08 14:19:13','/gn_terc/user','g-ginfo.local','127.0.0.1','{\"authenticity_token\"=>\"6UhsEoi+9f0doo/QmhUOIGZxAWmMi+ZOE9OpIJ/+gp4hOze+HObURUM/7M5lYY7xuAH4/mZnZsCcQQde64XKCg==\", \"form\"=>{\"val\"=>\"1\"}, \"ter_usua\"=>\"1\", \"controller\"=>\"gn_terc\", \"action\"=>\"check_user\"}',NULL,NULL,1,6,1,1),(119,'2017-11-08 14:19:13','/gn_terc/user','g-ginfo.local','127.0.0.1','{\"authenticity_token\"=>\"6UhsEoi+9f0doo/QmhUOIGZxAWmMi+ZOE9OpIJ/+gp4hOze+HObURUM/7M5lYY7xuAH4/mZnZsCcQQde64XKCg==\", \"form\"=>{\"val\"=>\"12\"}, \"ter_usua\"=>\"12\", \"controller\"=>\"gn_terc\", \"action\"=>\"check_user\"}',NULL,NULL,1,6,1,1),(120,'2017-11-08 14:19:14','/gn_terc/user','g-ginfo.local','127.0.0.1','{\"authenticity_token\"=>\"6UhsEoi+9f0doo/QmhUOIGZxAWmMi+ZOE9OpIJ/+gp4hOze+HObURUM/7M5lYY7xuAH4/mZnZsCcQQde64XKCg==\", \"form\"=>{\"val\"=>\"123\"}, \"ter_usua\"=>\"123\", \"controller\"=>\"gn_terc\", \"action\"=>\"check_user\"}',NULL,NULL,1,6,1,1),(121,'2017-11-08 14:19:14','/gn_terc/user','g-ginfo.local','127.0.0.1','{\"authenticity_token\"=>\"6UhsEoi+9f0doo/QmhUOIGZxAWmMi+ZOE9OpIJ/+gp4hOze+HObURUM/7M5lYY7xuAH4/mZnZsCcQQde64XKCg==\", \"form\"=>{\"val\"=>\"1234\"}, \"ter_usua\"=>\"1234\", \"controller\"=>\"gn_terc\", \"action\"=>\"check_user\"}',NULL,NULL,1,6,1,1),(122,'2017-11-08 14:19:14','/gn_terc/user','g-ginfo.local','127.0.0.1','{\"authenticity_token\"=>\"6UhsEoi+9f0doo/QmhUOIGZxAWmMi+ZOE9OpIJ/+gp4hOze+HObURUM/7M5lYY7xuAH4/mZnZsCcQQde64XKCg==\", \"form\"=>{\"val\"=>\"12345\"}, \"ter_usua\"=>\"12345\", \"controller\"=>\"gn_terc\", \"action\"=>\"check_user\"}',NULL,NULL,1,6,1,1),(123,'2017-11-08 14:19:14','/gn_terc/user','g-ginfo.local','127.0.0.1','{\"authenticity_token\"=>\"6UhsEoi+9f0doo/QmhUOIGZxAWmMi+ZOE9OpIJ/+gp4hOze+HObURUM/7M5lYY7xuAH4/mZnZsCcQQde64XKCg==\", \"form\"=>{\"val\"=>\"123456\"}, \"ter_usua\"=>\"123456\", \"controller\"=>\"gn_terc\", \"action\"=>\"check_user\"}',NULL,NULL,1,6,1,1),(124,'2017-11-08 14:19:15','/gn_terc/user','g-ginfo.local','127.0.0.1','{\"authenticity_token\"=>\"6UhsEoi+9f0doo/QmhUOIGZxAWmMi+ZOE9OpIJ/+gp4hOze+HObURUM/7M5lYY7xuAH4/mZnZsCcQQde64XKCg==\", \"form\"=>{\"val\"=>\"1234567\"}, \"ter_usua\"=>\"1234567\", \"controller\"=>\"gn_terc\", \"action\"=>\"check_user\"}',NULL,NULL,1,6,1,1),(125,'2017-11-08 14:19:20','/gn_terc/new','g-ginfo.local','127.0.0.1','{\"controller\"=>\"gn_terc\", \"action\"=>\"new\"}',NULL,NULL,2,6,1,1),(126,'2017-11-08 14:25:20','/gn_terc/new','g-ginfo.local','127.0.0.1','{\"controller\"=>\"gn_terc\", \"action\"=>\"new\"}',NULL,NULL,2,6,1,1),(127,'2017-11-08 14:25:30','/gn_terc/new','g-ginfo.local','127.0.0.1','{\"controller\"=>\"gn_terc\", \"action\"=>\"new\"}',NULL,NULL,2,6,1,1),(128,'2017-11-08 14:25:35','/gn_terc/document','g-ginfo.local','127.0.0.1','{\"authenticity_token\"=>\"dNcRoUfvOiDHhXcLEsIsfBEjNumxzyZ5z+sT/hWL2W+8pEoN07cbmJkYFBXttqytz1PPflsjpvdAeb2AYfCR+w==\", \"form\"=>{\"val\"=>\"1\", \"id\"=>\"\"}, \"ter_iden\"=>\"1\", \"controller\"=>\"gn_terc\", \"action\"=>\"check_document\"}',NULL,NULL,1,6,1,1),(129,'2017-11-08 14:25:36','/gn_terc/document','g-ginfo.local','127.0.0.1','{\"authenticity_token\"=>\"dNcRoUfvOiDHhXcLEsIsfBEjNumxzyZ5z+sT/hWL2W+8pEoN07cbmJkYFBXttqytz1PPflsjpvdAeb2AYfCR+w==\", \"form\"=>{\"val\"=>\"10\", \"id\"=>\"\"}, \"ter_iden\"=>\"10\", \"controller\"=>\"gn_terc\", \"action\"=>\"check_document\"}',NULL,NULL,1,6,1,1),(130,'2017-11-08 14:25:36','/gn_terc/document','g-ginfo.local','127.0.0.1','{\"authenticity_token\"=>\"dNcRoUfvOiDHhXcLEsIsfBEjNumxzyZ5z+sT/hWL2W+8pEoN07cbmJkYFBXttqytz1PPflsjpvdAeb2AYfCR+w==\", \"form\"=>{\"val\"=>\"107\", \"id\"=>\"\"}, \"ter_iden\"=>\"107\", \"controller\"=>\"gn_terc\", \"action\"=>\"check_document\"}',NULL,NULL,1,6,1,1),(131,'2017-11-08 14:25:36','/gn_terc/document','g-ginfo.local','127.0.0.1','{\"authenticity_token\"=>\"dNcRoUfvOiDHhXcLEsIsfBEjNumxzyZ5z+sT/hWL2W+8pEoN07cbmJkYFBXttqytz1PPflsjpvdAeb2AYfCR+w==\", \"form\"=>{\"val\"=>\"1070\", \"id\"=>\"\"}, \"ter_iden\"=>\"1070\", \"controller\"=>\"gn_terc\", \"action\"=>\"check_document\"}',NULL,NULL,1,6,1,1),(132,'2017-11-08 14:25:37','/gn_terc/document','g-ginfo.local','127.0.0.1','{\"authenticity_token\"=>\"dNcRoUfvOiDHhXcLEsIsfBEjNumxzyZ5z+sT/hWL2W+8pEoN07cbmJkYFBXttqytz1PPflsjpvdAeb2AYfCR+w==\", \"form\"=>{\"val\"=>\"1070615270\", \"id\"=>\"\"}, \"ter_iden\"=>\"1070615270\", \"controller\"=>\"gn_terc\", \"action\"=>\"check_document\"}',NULL,NULL,1,6,1,1),(133,'2017-11-08 14:25:39','/gn_terc/document','g-ginfo.local','127.0.0.1','{\"authenticity_token\"=>\"dNcRoUfvOiDHhXcLEsIsfBEjNumxzyZ5z+sT/hWL2W+8pEoN07cbmJkYFBXttqytz1PPflsjpvdAeb2AYfCR+w==\", \"form\"=>{\"val\"=>\"107061527\", \"id\"=>\"\"}, \"ter_iden\"=>\"107061527\", \"controller\"=>\"gn_terc\", \"action\"=>\"check_document\"}',NULL,NULL,1,6,1,1),(134,'2017-11-08 14:25:39','/gn_terc/document','g-ginfo.local','127.0.0.1','{\"authenticity_token\"=>\"dNcRoUfvOiDHhXcLEsIsfBEjNumxzyZ5z+sT/hWL2W+8pEoN07cbmJkYFBXttqytz1PPflsjpvdAeb2AYfCR+w==\", \"form\"=>{\"val\"=>\"1070615271\", \"id\"=>\"\"}, \"ter_iden\"=>\"1070615271\", \"controller\"=>\"gn_terc\", \"action\"=>\"check_document\"}',NULL,NULL,1,6,1,1),(135,'2017-11-08 14:25:42','/gn_terc','g-ginfo.local','127.0.0.1','{\"controller\"=>\"gn_terc\", \"action\"=>\"index\"}',NULL,NULL,2,6,1,1),(136,'2017-11-08 14:25:45','/gn_terc/edit/1','g-ginfo.local','127.0.0.1','{\"controller\"=>\"gn_terc\", \"action\"=>\"edit\", \"id\"=>\"1\"}',NULL,NULL,2,6,1,1),(137,'2017-11-08 14:25:56','/gn_terc/edit/1','g-ginfo.local','127.0.0.1','{\"controller\"=>\"gn_terc\", \"action\"=>\"edit\", \"id\"=>\"1\"}',NULL,NULL,2,6,1,1),(138,'2017-11-08 14:26:28','/gn_terc/edit/1','g-ginfo.local','127.0.0.1','{\"controller\"=>\"gn_terc\", \"action\"=>\"edit\", \"id\"=>\"1\"}',NULL,NULL,2,6,1,1),(139,'2017-11-08 14:26:39','/gn_terc','g-ginfo.local','127.0.0.1','{\"controller\"=>\"gn_terc\", \"action\"=>\"index\"}',NULL,NULL,2,6,1,1),(140,'2017-11-08 14:26:41','/gn_terc/edit/2','g-ginfo.local','127.0.0.1','{\"controller\"=>\"gn_terc\", \"action\"=>\"edit\", \"id\"=>\"2\"}',NULL,NULL,2,6,1,1),(141,'2017-11-08 14:27:55','/gn_terc/edit/2','g-ginfo.local','127.0.0.1','{\"controller\"=>\"gn_terc\", \"action\"=>\"edit\", \"id\"=>\"2\"}',NULL,NULL,2,6,1,1),(142,'2017-11-08 14:30:29','/gn_terc/edit/2','g-ginfo.local','127.0.0.1','{\"controller\"=>\"gn_terc\", \"action\"=>\"edit\", \"id\"=>\"2\"}',NULL,NULL,2,6,1,1),(143,'2017-11-08 14:31:05','/gn_terc/save','g-ginfo.local','127.0.0.1','{\"utf8\"=>\"✓\", \"authenticity_token\"=>\"7f8nYjiXbSyY9Ibxu2kC3j7eRhBd1MjvfIIHtD7i+gITGRIjT77siC4IrGs/b3bkCj3Ffw0dXtMTwgj2SIz5SQ==\", \"ter_cont\"=>\"2\", \"tdo_cont\"=>\"1\", \"ter_iden\"=>\"12345678\", \"ter_pnom\"=>\"camilo\", \"ter_snom\"=>\"andres\", \"ter_pape\"=>\"lopez\", \"ter_sape\"=>\"urquijo\", \"ter_usua\"=>\"camilo123\", \"tus_cont\"=>\"2\", \"ter_pass\"=>\"[FILTERED]\", \"confirmar\"=>\"12345678\", \"ter_acti\"=>\"1\", \"commit\"=>\"Guardar\", \"controller\"=>\"gn_terc\", \"action\"=>\"save\"}',NULL,NULL,1,6,1,1),(144,'2017-11-08 14:31:05','/gn_terc/save','g-ginfo.local','127.0.0.1','{\"utf8\"=>\"✓\", \"authenticity_token\"=>\"7f8nYjiXbSyY9Ibxu2kC3j7eRhBd1MjvfIIHtD7i+gITGRIjT77siC4IrGs/b3bkCj3Ffw0dXtMTwgj2SIz5SQ==\", \"ter_cont\"=>\"2\", \"tdo_cont\"=>\"1\", \"ter_iden\"=>\"12345678\", \"ter_pnom\"=>\"camilo\", \"ter_snom\"=>\"andres\", \"ter_pape\"=>\"lopez\", \"ter_sape\"=>\"urquijo\", \"ter_usua\"=>\"camilo123\", \"tus_cont\"=>\"2\", \"ter_pass\"=>\"[FILTERED]\", \"confirmar\"=>\"12345678\", \"ter_acti\"=>\"1\", \"commit\"=>\"Guardar\", \"controller\"=>\"gn_terc\", \"action\"=>\"save\"}','{\"ter_cont\"=>2, \"ter_iden\"=>1234567, \"ter_pnom\"=>\"camilo\", \"ter_snom\"=>\"andres\", \"ter_pape\"=>\"lopez\", \"ter_sape\"=>\"urquijo\", \"tdo_cont\"=>1, \"ter_usua\"=>\"camilo123\", \"ter_pass\"=>\"[FILTERED]\", \"ter_acti\"=>true, \"tus_cont\"=>2, \"ter_onli\"=>false, \"ter_inte\"=>0}','{\"tdo_cont\"=>1, \"ter_iden\"=>12345678, \"ter_pnom\"=>\"camilo\", \"ter_snom\"=>\"andres\", \"ter_pape\"=>\"lopez\", \"ter_sape\"=>\"urquijo\", \"ter_usua\"=>\"camilo123\", \"ter_pass\"=>\"[FILTERED]\", \"tus_cont\"=>2, \"ter_acti\"=>true, \"ter_onli\"=>false, \"ter_cont\"=>2, \"ter_inte\"=>0}',1,4,1,1),(145,'2017-11-08 14:31:05','/gn_terc','g-ginfo.local','127.0.0.1','{\"controller\"=>\"gn_terc\", \"action\"=>\"index\"}',NULL,NULL,2,6,1,1),(146,'2017-11-08 14:31:10','/gn_terc/edit/1','g-ginfo.local','127.0.0.1','{\"controller\"=>\"gn_terc\", \"action\"=>\"edit\", \"id\"=>\"1\"}',NULL,NULL,2,6,1,1),(147,'2017-11-08 14:31:47','/gn_terc/edit/1','g-ginfo.local','127.0.0.1','{\"controller\"=>\"gn_terc\", \"action\"=>\"edit\", \"id\"=>\"1\"}',NULL,NULL,2,6,1,1),(148,'2017-11-08 14:31:50','/gn_terc/document','g-ginfo.local','127.0.0.1','{\"authenticity_token\"=>\"wmJPDj4XeP7CtKx5c8hAvvfCd/PBvswDSpPDW+U4X5UKERSiqk9ZRpwpz2eMvMBvKbKOZCtSTI3FAW0lkUMXAQ==\", \"form\"=>{\"val\"=>\"1\", \"id\"=>\"1\"}, \"ter_iden\"=>\"1\", \"controller\"=>\"gn_terc\", \"action\"=>\"check_document\"}',NULL,NULL,1,6,1,1),(149,'2017-11-08 14:31:50','/gn_terc/document','g-ginfo.local','127.0.0.1','{\"authenticity_token\"=>\"wmJPDj4XeP7CtKx5c8hAvvfCd/PBvswDSpPDW+U4X5UKERSiqk9ZRpwpz2eMvMBvKbKOZCtSTI3FAW0lkUMXAQ==\", \"form\"=>{\"val\"=>\"12\", \"id\"=>\"1\"}, \"ter_iden\"=>\"12\", \"controller\"=>\"gn_terc\", \"action\"=>\"check_document\"}',NULL,NULL,1,6,1,1),(150,'2017-11-08 14:31:50','/gn_terc/document','g-ginfo.local','127.0.0.1','{\"authenticity_token\"=>\"wmJPDj4XeP7CtKx5c8hAvvfCd/PBvswDSpPDW+U4X5UKERSiqk9ZRpwpz2eMvMBvKbKOZCtSTI3FAW0lkUMXAQ==\", \"form\"=>{\"val\"=>\"123\", \"id\"=>\"1\"}, \"ter_iden\"=>\"123\", \"controller\"=>\"gn_terc\", \"action\"=>\"check_document\"}',NULL,NULL,1,6,1,1),(151,'2017-11-08 14:31:51','/gn_terc/document','g-ginfo.local','127.0.0.1','{\"authenticity_token\"=>\"wmJPDj4XeP7CtKx5c8hAvvfCd/PBvswDSpPDW+U4X5UKERSiqk9ZRpwpz2eMvMBvKbKOZCtSTI3FAW0lkUMXAQ==\", \"form\"=>{\"val\"=>\"1234\", \"id\"=>\"1\"}, \"ter_iden\"=>\"1234\", \"controller\"=>\"gn_terc\", \"action\"=>\"check_document\"}',NULL,NULL,1,6,1,1),(152,'2017-11-08 14:31:51','/gn_terc/document','g-ginfo.local','127.0.0.1','{\"authenticity_token\"=>\"wmJPDj4XeP7CtKx5c8hAvvfCd/PBvswDSpPDW+U4X5UKERSiqk9ZRpwpz2eMvMBvKbKOZCtSTI3FAW0lkUMXAQ==\", \"form\"=>{\"val\"=>\"12345\", \"id\"=>\"1\"}, \"ter_iden\"=>\"12345\", \"controller\"=>\"gn_terc\", \"action\"=>\"check_document\"}',NULL,NULL,1,6,1,1),(153,'2017-11-08 14:31:51','/gn_terc/document','g-ginfo.local','127.0.0.1','{\"authenticity_token\"=>\"wmJPDj4XeP7CtKx5c8hAvvfCd/PBvswDSpPDW+U4X5UKERSiqk9ZRpwpz2eMvMBvKbKOZCtSTI3FAW0lkUMXAQ==\", \"form\"=>{\"val\"=>\"123456\", \"id\"=>\"1\"}, \"ter_iden\"=>\"123456\", \"controller\"=>\"gn_terc\", \"action\"=>\"check_document\"}',NULL,NULL,1,6,1,1),(154,'2017-11-08 14:31:51','/gn_terc/document','g-ginfo.local','127.0.0.1','{\"authenticity_token\"=>\"wmJPDj4XeP7CtKx5c8hAvvfCd/PBvswDSpPDW+U4X5UKERSiqk9ZRpwpz2eMvMBvKbKOZCtSTI3FAW0lkUMXAQ==\", \"form\"=>{\"val\"=>\"1234567\", \"id\"=>\"1\"}, \"ter_iden\"=>\"1234567\", \"controller\"=>\"gn_terc\", \"action\"=>\"check_document\"}',NULL,NULL,1,6,1,1),(155,'2017-11-08 14:31:51','/gn_terc/document','g-ginfo.local','127.0.0.1','{\"authenticity_token\"=>\"wmJPDj4XeP7CtKx5c8hAvvfCd/PBvswDSpPDW+U4X5UKERSiqk9ZRpwpz2eMvMBvKbKOZCtSTI3FAW0lkUMXAQ==\", \"form\"=>{\"val\"=>\"12345678\", \"id\"=>\"1\"}, \"ter_iden\"=>\"12345678\", \"controller\"=>\"gn_terc\", \"action\"=>\"check_document\"}',NULL,NULL,1,6,1,1),(156,'2017-11-08 14:31:54','/gn_terc/document','g-ginfo.local','127.0.0.1','{\"authenticity_token\"=>\"wmJPDj4XeP7CtKx5c8hAvvfCd/PBvswDSpPDW+U4X5UKERSiqk9ZRpwpz2eMvMBvKbKOZCtSTI3FAW0lkUMXAQ==\", \"form\"=>{\"val\"=>\"1234567\", \"id\"=>\"1\"}, \"ter_iden\"=>\"1234567\", \"controller\"=>\"gn_terc\", \"action\"=>\"check_document\"}',NULL,NULL,1,6,1,1),(157,'2017-11-08 14:31:54','/gn_terc/document','g-ginfo.local','127.0.0.1','{\"authenticity_token\"=>\"wmJPDj4XeP7CtKx5c8hAvvfCd/PBvswDSpPDW+U4X5UKERSiqk9ZRpwpz2eMvMBvKbKOZCtSTI3FAW0lkUMXAQ==\", \"form\"=>{\"val\"=>\"123456\", \"id\"=>\"1\"}, \"ter_iden\"=>\"123456\", \"controller\"=>\"gn_terc\", \"action\"=>\"check_document\"}',NULL,NULL,1,6,1,1),(158,'2017-11-08 14:31:54','/gn_terc/document','g-ginfo.local','127.0.0.1','{\"authenticity_token\"=>\"wmJPDj4XeP7CtKx5c8hAvvfCd/PBvswDSpPDW+U4X5UKERSiqk9ZRpwpz2eMvMBvKbKOZCtSTI3FAW0lkUMXAQ==\", \"form\"=>{\"val\"=>\"12345\", \"id\"=>\"1\"}, \"ter_iden\"=>\"12345\", \"controller\"=>\"gn_terc\", \"action\"=>\"check_document\"}',NULL,NULL,1,6,1,1),(159,'2017-11-08 14:31:54','/gn_terc/document','g-ginfo.local','127.0.0.1','{\"authenticity_token\"=>\"wmJPDj4XeP7CtKx5c8hAvvfCd/PBvswDSpPDW+U4X5UKERSiqk9ZRpwpz2eMvMBvKbKOZCtSTI3FAW0lkUMXAQ==\", \"form\"=>{\"val\"=>\"1234\", \"id\"=>\"1\"}, \"ter_iden\"=>\"1234\", \"controller\"=>\"gn_terc\", \"action\"=>\"check_document\"}',NULL,NULL,1,6,1,1),(160,'2017-11-08 14:31:54','/gn_terc/document','g-ginfo.local','127.0.0.1','{\"authenticity_token\"=>\"wmJPDj4XeP7CtKx5c8hAvvfCd/PBvswDSpPDW+U4X5UKERSiqk9ZRpwpz2eMvMBvKbKOZCtSTI3FAW0lkUMXAQ==\", \"form\"=>{\"val\"=>\"123\", \"id\"=>\"1\"}, \"ter_iden\"=>\"123\", \"controller\"=>\"gn_terc\", \"action\"=>\"check_document\"}',NULL,NULL,1,6,1,1),(161,'2017-11-08 14:31:54','/gn_terc/document','g-ginfo.local','127.0.0.1','{\"authenticity_token\"=>\"wmJPDj4XeP7CtKx5c8hAvvfCd/PBvswDSpPDW+U4X5UKERSiqk9ZRpwpz2eMvMBvKbKOZCtSTI3FAW0lkUMXAQ==\", \"form\"=>{\"val\"=>\"12\", \"id\"=>\"1\"}, \"ter_iden\"=>\"12\", \"controller\"=>\"gn_terc\", \"action\"=>\"check_document\"}',NULL,NULL,1,6,1,1),(162,'2017-11-08 14:31:55','/gn_terc/document','g-ginfo.local','127.0.0.1','{\"authenticity_token\"=>\"wmJPDj4XeP7CtKx5c8hAvvfCd/PBvswDSpPDW+U4X5UKERSiqk9ZRpwpz2eMvMBvKbKOZCtSTI3FAW0lkUMXAQ==\", \"form\"=>{\"val\"=>\"1\", \"id\"=>\"1\"}, \"ter_iden\"=>\"1\", \"controller\"=>\"gn_terc\", \"action\"=>\"check_document\"}',NULL,NULL,1,6,1,1),(163,'2017-11-08 14:31:55','/gn_terc/document','g-ginfo.local','127.0.0.1','{\"authenticity_token\"=>\"wmJPDj4XeP7CtKx5c8hAvvfCd/PBvswDSpPDW+U4X5UKERSiqk9ZRpwpz2eMvMBvKbKOZCtSTI3FAW0lkUMXAQ==\", \"form\"=>{\"val\"=>\"1\", \"id\"=>\"1\"}, \"ter_iden\"=>\"1\", \"controller\"=>\"gn_terc\", \"action\"=>\"check_document\"}',NULL,NULL,1,6,1,1),(164,'2017-11-08 14:31:55','/gn_terc/document','g-ginfo.local','127.0.0.1','{\"authenticity_token\"=>\"wmJPDj4XeP7CtKx5c8hAvvfCd/PBvswDSpPDW+U4X5UKERSiqk9ZRpwpz2eMvMBvKbKOZCtSTI3FAW0lkUMXAQ==\", \"form\"=>{\"val\"=>\"10\", \"id\"=>\"1\"}, \"ter_iden\"=>\"10\", \"controller\"=>\"gn_terc\", \"action\"=>\"check_document\"}',NULL,NULL,1,6,1,1),(165,'2017-11-08 14:31:55','/gn_terc/document','g-ginfo.local','127.0.0.1','{\"authenticity_token\"=>\"wmJPDj4XeP7CtKx5c8hAvvfCd/PBvswDSpPDW+U4X5UKERSiqk9ZRpwpz2eMvMBvKbKOZCtSTI3FAW0lkUMXAQ==\", \"form\"=>{\"val\"=>\"107\", \"id\"=>\"1\"}, \"ter_iden\"=>\"107\", \"controller\"=>\"gn_terc\", \"action\"=>\"check_document\"}',NULL,NULL,1,6,1,1),(166,'2017-11-08 14:31:56','/gn_terc/document','g-ginfo.local','127.0.0.1','{\"authenticity_token\"=>\"wmJPDj4XeP7CtKx5c8hAvvfCd/PBvswDSpPDW+U4X5UKERSiqk9ZRpwpz2eMvMBvKbKOZCtSTI3FAW0lkUMXAQ==\", \"form\"=>{\"val\"=>\"1070\", \"id\"=>\"1\"}, \"ter_iden\"=>\"1070\", \"controller\"=>\"gn_terc\", \"action\"=>\"check_document\"}',NULL,NULL,1,6,1,1),(167,'2017-11-08 14:31:56','/gn_terc/document','g-ginfo.local','127.0.0.1','{\"authenticity_token\"=>\"wmJPDj4XeP7CtKx5c8hAvvfCd/PBvswDSpPDW+U4X5UKERSiqk9ZRpwpz2eMvMBvKbKOZCtSTI3FAW0lkUMXAQ==\", \"form\"=>{\"val\"=>\"10706\", \"id\"=>\"1\"}, \"ter_iden\"=>\"10706\", \"controller\"=>\"gn_terc\", \"action\"=>\"check_document\"}',NULL,NULL,1,6,1,1),(168,'2017-11-08 14:31:56','/gn_terc/document','g-ginfo.local','127.0.0.1','{\"authenticity_token\"=>\"wmJPDj4XeP7CtKx5c8hAvvfCd/PBvswDSpPDW+U4X5UKERSiqk9ZRpwpz2eMvMBvKbKOZCtSTI3FAW0lkUMXAQ==\", \"form\"=>{\"val\"=>\"107061\", \"id\"=>\"1\"}, \"ter_iden\"=>\"107061\", \"controller\"=>\"gn_terc\", \"action\"=>\"check_document\"}',NULL,NULL,1,6,1,1),(169,'2017-11-08 14:31:56','/gn_terc/document','g-ginfo.local','127.0.0.1','{\"authenticity_token\"=>\"wmJPDj4XeP7CtKx5c8hAvvfCd/PBvswDSpPDW+U4X5UKERSiqk9ZRpwpz2eMvMBvKbKOZCtSTI3FAW0lkUMXAQ==\", \"form\"=>{\"val\"=>\"1070615\", \"id\"=>\"1\"}, \"ter_iden\"=>\"1070615\", \"controller\"=>\"gn_terc\", \"action\"=>\"check_document\"}',NULL,NULL,1,6,1,1),(170,'2017-11-08 14:31:56','/gn_terc/document','g-ginfo.local','127.0.0.1','{\"authenticity_token\"=>\"wmJPDj4XeP7CtKx5c8hAvvfCd/PBvswDSpPDW+U4X5UKERSiqk9ZRpwpz2eMvMBvKbKOZCtSTI3FAW0lkUMXAQ==\", \"form\"=>{\"val\"=>\"10706152\", \"id\"=>\"1\"}, \"ter_iden\"=>\"10706152\", \"controller\"=>\"gn_terc\", \"action\"=>\"check_document\"}',NULL,NULL,1,6,1,1),(171,'2017-11-08 14:31:56','/gn_terc/document','g-ginfo.local','127.0.0.1','{\"authenticity_token\"=>\"wmJPDj4XeP7CtKx5c8hAvvfCd/PBvswDSpPDW+U4X5UKERSiqk9ZRpwpz2eMvMBvKbKOZCtSTI3FAW0lkUMXAQ==\", \"form\"=>{\"val\"=>\"107061527\", \"id\"=>\"1\"}, \"ter_iden\"=>\"107061527\", \"controller\"=>\"gn_terc\", \"action\"=>\"check_document\"}',NULL,NULL,1,6,1,1),(172,'2017-11-08 14:31:56','/gn_terc/document','g-ginfo.local','127.0.0.1','{\"authenticity_token\"=>\"wmJPDj4XeP7CtKx5c8hAvvfCd/PBvswDSpPDW+U4X5UKERSiqk9ZRpwpz2eMvMBvKbKOZCtSTI3FAW0lkUMXAQ==\", \"form\"=>{\"val\"=>\"1070615270\", \"id\"=>\"1\"}, \"ter_iden\"=>\"1070615270\", \"controller\"=>\"gn_terc\", \"action\"=>\"check_document\"}',NULL,NULL,1,6,1,1),(173,'2017-11-08 14:32:37','/gn_terc/user','g-ginfo.local','127.0.0.1','{\"authenticity_token\"=>\"wmJPDj4XeP7CtKx5c8hAvvfCd/PBvswDSpPDW+U4X5UKERSiqk9ZRpwpz2eMvMBvKbKOZCtSTI3FAW0lkUMXAQ==\", \"form\"=>{\"val\"=>\"japalacio010\", \"id\"=>\"1\"}, \"ter_usua\"=>\"japalacio010\", \"controller\"=>\"gn_terc\", \"action\"=>\"check_user\"}',NULL,NULL,1,6,1,1),(174,'2017-11-08 14:32:39','/gn_terc/user','g-ginfo.local','127.0.0.1','{\"authenticity_token\"=>\"wmJPDj4XeP7CtKx5c8hAvvfCd/PBvswDSpPDW+U4X5UKERSiqk9ZRpwpz2eMvMBvKbKOZCtSTI3FAW0lkUMXAQ==\", \"form\"=>{\"val\"=>\"japalacio01\", \"id\"=>\"1\"}, \"ter_usua\"=>\"japalacio01\", \"controller\"=>\"gn_terc\", \"action\"=>\"check_user\"}',NULL,NULL,1,6,1,1),(175,'2017-11-08 14:32:40','/gn_terc/user','g-ginfo.local','127.0.0.1','{\"authenticity_token\"=>\"wmJPDj4XeP7CtKx5c8hAvvfCd/PBvswDSpPDW+U4X5UKERSiqk9ZRpwpz2eMvMBvKbKOZCtSTI3FAW0lkUMXAQ==\", \"form\"=>{\"val\"=>\"japalacio0\", \"id\"=>\"1\"}, \"ter_usua\"=>\"japalacio0\", \"controller\"=>\"gn_terc\", \"action\"=>\"check_user\"}',NULL,NULL,1,6,1,1),(176,'2017-11-08 14:32:40','/gn_terc/user','g-ginfo.local','127.0.0.1','{\"authenticity_token\"=>\"wmJPDj4XeP7CtKx5c8hAvvfCd/PBvswDSpPDW+U4X5UKERSiqk9ZRpwpz2eMvMBvKbKOZCtSTI3FAW0lkUMXAQ==\", \"form\"=>{\"val\"=>\"japalacio\", \"id\"=>\"1\"}, \"ter_usua\"=>\"japalacio\", \"controller\"=>\"gn_terc\", \"action\"=>\"check_user\"}',NULL,NULL,1,6,1,1),(177,'2017-11-08 14:32:40','/gn_terc/user','g-ginfo.local','127.0.0.1','{\"authenticity_token\"=>\"wmJPDj4XeP7CtKx5c8hAvvfCd/PBvswDSpPDW+U4X5UKERSiqk9ZRpwpz2eMvMBvKbKOZCtSTI3FAW0lkUMXAQ==\", \"form\"=>{\"val\"=>\"japalaci\", \"id\"=>\"1\"}, \"ter_usua\"=>\"japalaci\", \"controller\"=>\"gn_terc\", \"action\"=>\"check_user\"}',NULL,NULL,1,6,1,1),(178,'2017-11-08 14:32:40','/gn_terc/user','g-ginfo.local','127.0.0.1','{\"authenticity_token\"=>\"wmJPDj4XeP7CtKx5c8hAvvfCd/PBvswDSpPDW+U4X5UKERSiqk9ZRpwpz2eMvMBvKbKOZCtSTI3FAW0lkUMXAQ==\", \"form\"=>{\"val\"=>\"japalac\", \"id\"=>\"1\"}, \"ter_usua\"=>\"japalac\", \"controller\"=>\"gn_terc\", \"action\"=>\"check_user\"}',NULL,NULL,1,6,1,1),(179,'2017-11-08 14:32:40','/gn_terc/user','g-ginfo.local','127.0.0.1','{\"authenticity_token\"=>\"wmJPDj4XeP7CtKx5c8hAvvfCd/PBvswDSpPDW+U4X5UKERSiqk9ZRpwpz2eMvMBvKbKOZCtSTI3FAW0lkUMXAQ==\", \"form\"=>{\"val\"=>\"japala\", \"id\"=>\"1\"}, \"ter_usua\"=>\"japala\", \"controller\"=>\"gn_terc\", \"action\"=>\"check_user\"}',NULL,NULL,1,6,1,1),(180,'2017-11-08 14:32:40','/gn_terc/user','g-ginfo.local','127.0.0.1','{\"authenticity_token\"=>\"wmJPDj4XeP7CtKx5c8hAvvfCd/PBvswDSpPDW+U4X5UKERSiqk9ZRpwpz2eMvMBvKbKOZCtSTI3FAW0lkUMXAQ==\", \"form\"=>{\"val\"=>\"japal\", \"id\"=>\"1\"}, \"ter_usua\"=>\"japal\", \"controller\"=>\"gn_terc\", \"action\"=>\"check_user\"}',NULL,NULL,1,6,1,1),(181,'2017-11-08 14:32:40','/gn_terc/user','g-ginfo.local','127.0.0.1','{\"authenticity_token\"=>\"wmJPDj4XeP7CtKx5c8hAvvfCd/PBvswDSpPDW+U4X5UKERSiqk9ZRpwpz2eMvMBvKbKOZCtSTI3FAW0lkUMXAQ==\", \"form\"=>{\"val\"=>\"japa\", \"id\"=>\"1\"}, \"ter_usua\"=>\"japa\", \"controller\"=>\"gn_terc\", \"action\"=>\"check_user\"}',NULL,NULL,1,6,1,1),(182,'2017-11-08 14:32:40','/gn_terc/user','g-ginfo.local','127.0.0.1','{\"authenticity_token\"=>\"wmJPDj4XeP7CtKx5c8hAvvfCd/PBvswDSpPDW+U4X5UKERSiqk9ZRpwpz2eMvMBvKbKOZCtSTI3FAW0lkUMXAQ==\", \"form\"=>{\"val\"=>\"jap\", \"id\"=>\"1\"}, \"ter_usua\"=>\"jap\", \"controller\"=>\"gn_terc\", \"action\"=>\"check_user\"}',NULL,NULL,1,6,1,1),(183,'2017-11-08 14:32:40','/gn_terc/user','g-ginfo.local','127.0.0.1','{\"authenticity_token\"=>\"wmJPDj4XeP7CtKx5c8hAvvfCd/PBvswDSpPDW+U4X5UKERSiqk9ZRpwpz2eMvMBvKbKOZCtSTI3FAW0lkUMXAQ==\", \"form\"=>{\"val\"=>\"ja\", \"id\"=>\"1\"}, \"ter_usua\"=>\"ja\", \"controller\"=>\"gn_terc\", \"action\"=>\"check_user\"}',NULL,NULL,1,6,1,1),(184,'2017-11-08 14:32:40','/gn_terc/user','g-ginfo.local','127.0.0.1','{\"authenticity_token\"=>\"wmJPDj4XeP7CtKx5c8hAvvfCd/PBvswDSpPDW+U4X5UKERSiqk9ZRpwpz2eMvMBvKbKOZCtSTI3FAW0lkUMXAQ==\", \"form\"=>{\"val\"=>\"j\", \"id\"=>\"1\"}, \"ter_usua\"=>\"j\", \"controller\"=>\"gn_terc\", \"action\"=>\"check_user\"}',NULL,NULL,1,6,1,1),(185,'2017-11-08 14:32:41','/gn_terc/user','g-ginfo.local','127.0.0.1','{\"authenticity_token\"=>\"wmJPDj4XeP7CtKx5c8hAvvfCd/PBvswDSpPDW+U4X5UKERSiqk9ZRpwpz2eMvMBvKbKOZCtSTI3FAW0lkUMXAQ==\", \"form\"=>{\"val\"=>\"c\", \"id\"=>\"1\"}, \"ter_usua\"=>\"c\", \"controller\"=>\"gn_terc\", \"action\"=>\"check_user\"}',NULL,NULL,1,6,1,1),(186,'2017-11-08 14:32:41','/gn_terc/user','g-ginfo.local','127.0.0.1','{\"authenticity_token\"=>\"wmJPDj4XeP7CtKx5c8hAvvfCd/PBvswDSpPDW+U4X5UKERSiqk9ZRpwpz2eMvMBvKbKOZCtSTI3FAW0lkUMXAQ==\", \"form\"=>{\"val\"=>\"ca\", \"id\"=>\"1\"}, \"ter_usua\"=>\"ca\", \"controller\"=>\"gn_terc\", \"action\"=>\"check_user\"}',NULL,NULL,1,6,1,1),(187,'2017-11-08 14:32:41','/gn_terc/user','g-ginfo.local','127.0.0.1','{\"authenticity_token\"=>\"wmJPDj4XeP7CtKx5c8hAvvfCd/PBvswDSpPDW+U4X5UKERSiqk9ZRpwpz2eMvMBvKbKOZCtSTI3FAW0lkUMXAQ==\", \"form\"=>{\"val\"=>\"cam\", \"id\"=>\"1\"}, \"ter_usua\"=>\"cam\", \"controller\"=>\"gn_terc\", \"action\"=>\"check_user\"}',NULL,NULL,1,6,1,1),(188,'2017-11-08 14:32:41','/gn_terc/user','g-ginfo.local','127.0.0.1','{\"authenticity_token\"=>\"wmJPDj4XeP7CtKx5c8hAvvfCd/PBvswDSpPDW+U4X5UKERSiqk9ZRpwpz2eMvMBvKbKOZCtSTI3FAW0lkUMXAQ==\", \"form\"=>{\"val\"=>\"cami\", \"id\"=>\"1\"}, \"ter_usua\"=>\"cami\", \"controller\"=>\"gn_terc\", \"action\"=>\"check_user\"}',NULL,NULL,1,6,1,1),(189,'2017-11-08 14:32:41','/gn_terc/user','g-ginfo.local','127.0.0.1','{\"authenticity_token\"=>\"wmJPDj4XeP7CtKx5c8hAvvfCd/PBvswDSpPDW+U4X5UKERSiqk9ZRpwpz2eMvMBvKbKOZCtSTI3FAW0lkUMXAQ==\", \"form\"=>{\"val\"=>\"camil\", \"id\"=>\"1\"}, \"ter_usua\"=>\"camil\", \"controller\"=>\"gn_terc\", \"action\"=>\"check_user\"}',NULL,NULL,1,6,1,1),(190,'2017-11-08 14:32:41','/gn_terc/user','g-ginfo.local','127.0.0.1','{\"authenticity_token\"=>\"wmJPDj4XeP7CtKx5c8hAvvfCd/PBvswDSpPDW+U4X5UKERSiqk9ZRpwpz2eMvMBvKbKOZCtSTI3FAW0lkUMXAQ==\", \"form\"=>{\"val\"=>\"camilo\", \"id\"=>\"1\"}, \"ter_usua\"=>\"camilo\", \"controller\"=>\"gn_terc\", \"action\"=>\"check_user\"}',NULL,NULL,1,6,1,1),(191,'2017-11-08 14:32:42','/gn_terc/user','g-ginfo.local','127.0.0.1','{\"authenticity_token\"=>\"wmJPDj4XeP7CtKx5c8hAvvfCd/PBvswDSpPDW+U4X5UKERSiqk9ZRpwpz2eMvMBvKbKOZCtSTI3FAW0lkUMXAQ==\", \"form\"=>{\"val\"=>\"camilo1\", \"id\"=>\"1\"}, \"ter_usua\"=>\"camilo1\", \"controller\"=>\"gn_terc\", \"action\"=>\"check_user\"}',NULL,NULL,1,6,1,1),(192,'2017-11-08 14:32:42','/gn_terc/user','g-ginfo.local','127.0.0.1','{\"authenticity_token\"=>\"wmJPDj4XeP7CtKx5c8hAvvfCd/PBvswDSpPDW+U4X5UKERSiqk9ZRpwpz2eMvMBvKbKOZCtSTI3FAW0lkUMXAQ==\", \"form\"=>{\"val\"=>\"camilo12\", \"id\"=>\"1\"}, \"ter_usua\"=>\"camilo12\", \"controller\"=>\"gn_terc\", \"action\"=>\"check_user\"}',NULL,NULL,1,6,1,1),(193,'2017-11-08 14:32:42','/gn_terc/user','g-ginfo.local','127.0.0.1','{\"authenticity_token\"=>\"wmJPDj4XeP7CtKx5c8hAvvfCd/PBvswDSpPDW+U4X5UKERSiqk9ZRpwpz2eMvMBvKbKOZCtSTI3FAW0lkUMXAQ==\", \"form\"=>{\"val\"=>\"camilo123\", \"id\"=>\"1\"}, \"ter_usua\"=>\"camilo123\", \"controller\"=>\"gn_terc\", \"action\"=>\"check_user\"}',NULL,NULL,1,6,1,1),(194,'2017-11-08 14:32:46','/gn_terc/user','g-ginfo.local','127.0.0.1','{\"authenticity_token\"=>\"wmJPDj4XeP7CtKx5c8hAvvfCd/PBvswDSpPDW+U4X5UKERSiqk9ZRpwpz2eMvMBvKbKOZCtSTI3FAW0lkUMXAQ==\", \"form\"=>{\"val\"=>\"j\", \"id\"=>\"1\"}, \"ter_usua\"=>\"j\", \"controller\"=>\"gn_terc\", \"action\"=>\"check_user\"}',NULL,NULL,1,6,1,1),(195,'2017-11-08 14:32:46','/gn_terc/user','g-ginfo.local','127.0.0.1','{\"authenticity_token\"=>\"wmJPDj4XeP7CtKx5c8hAvvfCd/PBvswDSpPDW+U4X5UKERSiqk9ZRpwpz2eMvMBvKbKOZCtSTI3FAW0lkUMXAQ==\", \"form\"=>{\"val\"=>\"ja\", \"id\"=>\"1\"}, \"ter_usua\"=>\"ja\", \"controller\"=>\"gn_terc\", \"action\"=>\"check_user\"}',NULL,NULL,1,6,1,1),(196,'2017-11-08 14:32:46','/gn_terc/user','g-ginfo.local','127.0.0.1','{\"authenticity_token\"=>\"wmJPDj4XeP7CtKx5c8hAvvfCd/PBvswDSpPDW+U4X5UKERSiqk9ZRpwpz2eMvMBvKbKOZCtSTI3FAW0lkUMXAQ==\", \"form\"=>{\"val\"=>\"jap\", \"id\"=>\"1\"}, \"ter_usua\"=>\"jap\", \"controller\"=>\"gn_terc\", \"action\"=>\"check_user\"}',NULL,NULL,1,6,1,1),(197,'2017-11-08 14:32:46','/gn_terc/user','g-ginfo.local','127.0.0.1','{\"authenticity_token\"=>\"wmJPDj4XeP7CtKx5c8hAvvfCd/PBvswDSpPDW+U4X5UKERSiqk9ZRpwpz2eMvMBvKbKOZCtSTI3FAW0lkUMXAQ==\", \"form\"=>{\"val\"=>\"japa\", \"id\"=>\"1\"}, \"ter_usua\"=>\"japa\", \"controller\"=>\"gn_terc\", \"action\"=>\"check_user\"}',NULL,NULL,1,6,1,1),(198,'2017-11-08 14:32:46','/gn_terc/user','g-ginfo.local','127.0.0.1','{\"authenticity_token\"=>\"wmJPDj4XeP7CtKx5c8hAvvfCd/PBvswDSpPDW+U4X5UKERSiqk9ZRpwpz2eMvMBvKbKOZCtSTI3FAW0lkUMXAQ==\", \"form\"=>{\"val\"=>\"japal\", \"id\"=>\"1\"}, \"ter_usua\"=>\"japal\", \"controller\"=>\"gn_terc\", \"action\"=>\"check_user\"}',NULL,NULL,1,6,1,1),(199,'2017-11-08 14:32:46','/gn_terc/user','g-ginfo.local','127.0.0.1','{\"authenticity_token\"=>\"wmJPDj4XeP7CtKx5c8hAvvfCd/PBvswDSpPDW+U4X5UKERSiqk9ZRpwpz2eMvMBvKbKOZCtSTI3FAW0lkUMXAQ==\", \"form\"=>{\"val\"=>\"japala\", \"id\"=>\"1\"}, \"ter_usua\"=>\"japala\", \"controller\"=>\"gn_terc\", \"action\"=>\"check_user\"}',NULL,NULL,1,6,1,1),(200,'2017-11-08 14:32:46','/gn_terc/user','g-ginfo.local','127.0.0.1','{\"authenticity_token\"=>\"wmJPDj4XeP7CtKx5c8hAvvfCd/PBvswDSpPDW+U4X5UKERSiqk9ZRpwpz2eMvMBvKbKOZCtSTI3FAW0lkUMXAQ==\", \"form\"=>{\"val\"=>\"japalac\", \"id\"=>\"1\"}, \"ter_usua\"=>\"japalac\", \"controller\"=>\"gn_terc\", \"action\"=>\"check_user\"}',NULL,NULL,1,6,1,1),(201,'2017-11-08 14:32:46','/gn_terc/user','g-ginfo.local','127.0.0.1','{\"authenticity_token\"=>\"wmJPDj4XeP7CtKx5c8hAvvfCd/PBvswDSpPDW+U4X5UKERSiqk9ZRpwpz2eMvMBvKbKOZCtSTI3FAW0lkUMXAQ==\", \"form\"=>{\"val\"=>\"japalaci\", \"id\"=>\"1\"}, \"ter_usua\"=>\"japalaci\", \"controller\"=>\"gn_terc\", \"action\"=>\"check_user\"}',NULL,NULL,1,6,1,1),(202,'2017-11-08 14:32:46','/gn_terc/user','g-ginfo.local','127.0.0.1','{\"authenticity_token\"=>\"wmJPDj4XeP7CtKx5c8hAvvfCd/PBvswDSpPDW+U4X5UKERSiqk9ZRpwpz2eMvMBvKbKOZCtSTI3FAW0lkUMXAQ==\", \"form\"=>{\"val\"=>\"japalacio\", \"id\"=>\"1\"}, \"ter_usua\"=>\"japalacio\", \"controller\"=>\"gn_terc\", \"action\"=>\"check_user\"}',NULL,NULL,1,6,1,1),(203,'2017-11-08 14:32:47','/gn_terc/user','g-ginfo.local','127.0.0.1','{\"authenticity_token\"=>\"wmJPDj4XeP7CtKx5c8hAvvfCd/PBvswDSpPDW+U4X5UKERSiqk9ZRpwpz2eMvMBvKbKOZCtSTI3FAW0lkUMXAQ==\", \"form\"=>{\"val\"=>\"japalacio0108\", \"id\"=>\"1\"}, \"ter_usua\"=>\"japalacio0108\", \"controller\"=>\"gn_terc\", \"action\"=>\"check_user\"}',NULL,NULL,1,6,1,1),(204,'2017-11-08 14:34:14','/gn_terc/save','g-ginfo.local','127.0.0.1','{\"utf8\"=>\"✓\", \"authenticity_token\"=>\"WdvORmLREbXGHxQ96Ak1g+pLoixszpQhBF35NOkQ5kGnPfsHFfiQEXDjPqdsD0G53qghQzwHAh1rHfZ2n37lCg==\", \"ter_cont\"=>\"1\", \"tdo_cont\"=>\"1\", \"ter_iden\"=>\"1070615270\", \"ter_pnom\"=>\"jeyson\", \"ter_snom\"=>\"anibal\", \"ter_pape\"=>\"palacio\", \"ter_sape\"=>\"palma\", \"ter_usua\"=>\"japalacio0108\", \"tus_cont\"=>\"1\", \"ter_pass\"=>\"[FILTERED]\", \"confirmar\"=>\"12345678\", \"ter_acti\"=>\"1\", \"commit\"=>\"Guardar\", \"controller\"=>\"gn_terc\", \"action\"=>\"save\"}',NULL,NULL,1,6,1,1),(205,'2017-11-08 14:34:14','/gn_terc/save','g-ginfo.local','127.0.0.1','{\"utf8\"=>\"✓\", \"authenticity_token\"=>\"WdvORmLREbXGHxQ96Ak1g+pLoixszpQhBF35NOkQ5kGnPfsHFfiQEXDjPqdsD0G53qghQzwHAh1rHfZ2n37lCg==\", \"ter_cont\"=>\"1\", \"tdo_cont\"=>\"1\", \"ter_iden\"=>\"1070615270\", \"ter_pnom\"=>\"jeyson\", \"ter_snom\"=>\"anibal\", \"ter_pape\"=>\"palacio\", \"ter_sape\"=>\"palma\", \"ter_usua\"=>\"japalacio0108\", \"tus_cont\"=>\"1\", \"ter_pass\"=>\"[FILTERED]\", \"confirmar\"=>\"12345678\", \"ter_acti\"=>\"1\", \"commit\"=>\"Guardar\", \"controller\"=>\"gn_terc\", \"action\"=>\"save\"}','{\"ter_cont\"=>1, \"ter_iden\"=>1070615270, \"ter_pnom\"=>\"jeyson\", \"ter_snom\"=>\"anibal\", \"ter_pape\"=>\"palacio\", \"ter_sape\"=>\"palma\", \"tdo_cont\"=>1, \"ter_usua\"=>\"japalacio0108\", \"ter_pass\"=>\"[FILTERED]\", \"ter_acti\"=>true, \"tus_cont\"=>1, \"ter_onli\"=>false, \"ter_inte\"=>0}','{\"tdo_cont\"=>1, \"ter_iden\"=>1070615270, \"ter_pnom\"=>\"jeyson\", \"ter_snom\"=>\"anibal\", \"ter_pape\"=>\"palacio\", \"ter_sape\"=>\"palma\", \"ter_usua\"=>\"japalacio0108\", \"ter_pass\"=>\"[FILTERED]\", \"tus_cont\"=>1, \"ter_acti\"=>true, \"ter_onli\"=>false, \"ter_cont\"=>1, \"ter_inte\"=>0}',1,4,1,1),(206,'2017-11-08 14:34:14','/gn_terc','g-ginfo.local','127.0.0.1','{\"controller\"=>\"gn_terc\", \"action\"=>\"index\"}',NULL,NULL,2,6,1,1),(207,'2017-11-08 15:20:59','/gn_tdoc','g-ginfo.local','127.0.0.1','{\"controller\"=>\"gn_tdoc\", \"action\"=>\"index\"}',NULL,NULL,2,6,1,1),(208,'2017-11-08 15:27:45','/au_crud','g-ginfo.local','127.0.0.1','{\"controller\"=>\"au_crud\", \"action\"=>\"index\"}',NULL,NULL,2,6,1,1),(209,'2017-11-08 15:28:05','/au_crud','g-ginfo.local','127.0.0.1','{\"controller\"=>\"au_crud\", \"action\"=>\"index\"}',NULL,NULL,2,6,1,1),(210,'2017-11-08 15:28:07','/au_crud/desc','g-ginfo.local','127.0.0.1','{\"authenticity_token\"=>\"tQGqZftk4/he4f9W8dNUeNf9aWmDsOMiyj46TTM8nox9cvHJbzzCQAB8nEgOp9SpCY2Q/mlcY6xFrJQzR0fWGA==\", \"form\"=>{\"val\"=>\"p\", \"id\"=>\"\"}, \"cru_desc\"=>\"p\", \"controller\"=>\"au_crud\", \"action\"=>\"check_desc\"}',NULL,NULL,1,6,1,1),(211,'2017-11-08 15:28:07','/au_crud/desc','g-ginfo.local','127.0.0.1','{\"authenticity_token\"=>\"tQGqZftk4/he4f9W8dNUeNf9aWmDsOMiyj46TTM8nox9cvHJbzzCQAB8nEgOp9SpCY2Q/mlcY6xFrJQzR0fWGA==\", \"form\"=>{\"val\"=>\"po\", \"id\"=>\"\"}, \"cru_desc\"=>\"po\", \"controller\"=>\"au_crud\", \"action\"=>\"check_desc\"}',NULL,NULL,1,6,1,1),(212,'2017-11-08 15:28:07','/au_crud/desc','g-ginfo.local','127.0.0.1','{\"authenticity_token\"=>\"tQGqZftk4/he4f9W8dNUeNf9aWmDsOMiyj46TTM8nox9cvHJbzzCQAB8nEgOp9SpCY2Q/mlcY6xFrJQzR0fWGA==\", \"form\"=>{\"val\"=>\"pos\", \"id\"=>\"\"}, \"cru_desc\"=>\"pos\", \"controller\"=>\"au_crud\", \"action\"=>\"check_desc\"}',NULL,NULL,1,6,1,1),(213,'2017-11-08 15:28:07','/au_crud/desc','g-ginfo.local','127.0.0.1','{\"authenticity_token\"=>\"tQGqZftk4/he4f9W8dNUeNf9aWmDsOMiyj46TTM8nox9cvHJbzzCQAB8nEgOp9SpCY2Q/mlcY6xFrJQzR0fWGA==\", \"form\"=>{\"val\"=>\"post\", \"id\"=>\"\"}, \"cru_desc\"=>\"post\", \"controller\"=>\"au_crud\", \"action\"=>\"check_desc\"}',NULL,NULL,1,6,1,1),(214,'2017-11-08 15:28:26','/au_crud','g-ginfo.local','127.0.0.1','{\"controller\"=>\"au_crud\", \"action\"=>\"index\"}',NULL,NULL,2,6,1,1),(215,'2017-11-08 15:28:28','/au_crud/show','g-ginfo.local','127.0.0.1','{\"authenticity_token\"=>\"cqXA/fOYtqaacxsLp2FSUcPyh97Q6b7MGXSS8oKiGFm61ptRZ8CXHsTueBVYFdKAHYJ+SToFPkKW5jyM9tlQzQ==\", \"form\"=>{\"id\"=>\"1\"}, \"controller\"=>\"au_crud\", \"action\"=>\"show\"}',NULL,NULL,1,6,1,1),(216,'2017-11-08 15:29:40','/au_crud','g-ginfo.local','127.0.0.1','{\"controller\"=>\"au_crud\", \"action\"=>\"index\"}',NULL,NULL,2,6,1,1),(217,'2017-11-08 15:29:41','/au_crud/show','g-ginfo.local','127.0.0.1','{\"authenticity_token\"=>\"QXUR16JYp5MR7DqiTvDVna81rTsikeJSSmZnh5w+xD+JBkp7NgCGK09xWbyxhFVMcUVUrMh9YtzF9Mn56EWMqw==\", \"form\"=>{\"id\"=>\"1\"}, \"controller\"=>\"au_crud\", \"action\"=>\"show\"}',NULL,NULL,1,6,1,1),(218,'2017-11-08 15:29:41','/au_crud/show','g-ginfo.local','127.0.0.1','{\"authenticity_token\"=>\"QXUR16JYp5MR7DqiTvDVna81rTsikeJSSmZnh5w+xD+JBkp7NgCGK09xWbyxhFVMcUVUrMh9YtzF9Mn56EWMqw==\", \"form\"=>{\"id\"=>\"1\"}, \"controller\"=>\"au_crud\", \"action\"=>\"show\"}',NULL,'{\"cru_cont\"=>1, \"cru_desc\"=>\"post\"}',1,6,1,1),(219,'2017-11-08 15:29:46','/au_crud/desc','g-ginfo.local','127.0.0.1','{\"authenticity_token\"=>\"QXUR16JYp5MR7DqiTvDVna81rTsikeJSSmZnh5w+xD+JBkp7NgCGK09xWbyxhFVMcUVUrMh9YtzF9Mn56EWMqw==\", \"form\"=>{\"val\"=>\"post\", \"id\"=>\"1\"}, \"cru_desc\"=>\"post\", \"controller\"=>\"au_crud\", \"action\"=>\"check_desc\"}',NULL,NULL,1,6,1,1),(220,'2017-11-08 15:30:03','/au_crud','g-ginfo.local','127.0.0.1','{\"controller\"=>\"au_crud\", \"action\"=>\"index\"}',NULL,NULL,2,6,1,1),(221,'2017-11-08 15:30:05','/au_crud/show','g-ginfo.local','127.0.0.1','{\"authenticity_token\"=>\"cWifQ64Ev9PoX0kbjZDxfAlK43DTQfEyxnkoNj6BFO25G8TvOlyea7bCKgVy5HGt1zoa5zmtcbxJ64ZISvpceQ==\", \"form\"=>{\"id\"=>\"1\"}, \"controller\"=>\"au_crud\", \"action\"=>\"show\"}',NULL,NULL,1,6,1,1),(222,'2017-11-08 15:30:05','/au_crud/show','g-ginfo.local','127.0.0.1','{\"authenticity_token\"=>\"cWifQ64Ev9PoX0kbjZDxfAlK43DTQfEyxnkoNj6BFO25G8TvOlyea7bCKgVy5HGt1zoa5zmtcbxJ64ZISvpceQ==\", \"form\"=>{\"id\"=>\"1\"}, \"controller\"=>\"au_crud\", \"action\"=>\"show\"}',NULL,'{\"cru_cont\"=>1, \"cru_desc\"=>\"post\"}',1,6,1,1),(223,'2017-11-08 15:30:05','/au_crud/desc','g-ginfo.local','127.0.0.1','{\"authenticity_token\"=>\"cWifQ64Ev9PoX0kbjZDxfAlK43DTQfEyxnkoNj6BFO25G8TvOlyea7bCKgVy5HGt1zoa5zmtcbxJ64ZISvpceQ==\", \"form\"=>{\"val\"=>\"post\", \"id\"=>\"1\"}, \"cru_desc\"=>\"post\", \"controller\"=>\"au_crud\", \"action\"=>\"check_desc\"}',NULL,NULL,1,6,1,1),(224,'2017-11-08 15:30:06','/au_crud/save','g-ginfo.local','127.0.0.1','{\"utf8\"=>\"✓\", \"authenticity_token\"=>\"+EuAK0Y95Ct7kR2/B53eYPlXr136t7bgqXHKl4+d4as/AzaQpYvRVFQIeQzN5ghqK3xMz5ChUucRlPTP6mCHNQ==\", \"cru_cont\"=>\"1\", \"cru_desc\"=>\"post\", \"commit\"=>\"Guardar\", \"controller\"=>\"au_crud\", \"action\"=>\"save\"}',NULL,NULL,1,6,1,1),(225,'2017-11-08 15:30:06','/au_crud/save','g-ginfo.local','127.0.0.1','{\"utf8\"=>\"✓\", \"authenticity_token\"=>\"+EuAK0Y95Ct7kR2/B53eYPlXr136t7bgqXHKl4+d4as/AzaQpYvRVFQIeQzN5ghqK3xMz5ChUucRlPTP6mCHNQ==\", \"cru_cont\"=>\"1\", \"cru_desc\"=>\"post\", \"commit\"=>\"Guardar\", \"controller\"=>\"au_crud\", \"action\"=>\"save\"}','{\"cru_cont\"=>1, \"cru_desc\"=>\"post\"}','{\"cru_desc\"=>\"post\", \"cru_cont\"=>1}',1,4,1,1),(226,'2017-11-08 15:30:06','/au_crud','g-ginfo.local','127.0.0.1','{\"controller\"=>\"au_crud\", \"action\"=>\"index\"}',NULL,NULL,2,6,1,1),(227,'2017-11-08 15:30:09','/au_crud/show','g-ginfo.local','127.0.0.1','{\"authenticity_token\"=>\"cjScK3Uhk07yDsmhPCDbaCYrZ3E6vUFjq0/Hv2z/NXm6R8eH4Xmy9qyTqr/DVFu5+Fue5tBRwe0k3WnBGIR97Q==\", \"form\"=>{\"id\"=>\"1\"}, \"controller\"=>\"au_crud\", \"action\"=>\"show\"}',NULL,NULL,1,6,1,1),(228,'2017-11-08 15:30:09','/au_crud/show','g-ginfo.local','127.0.0.1','{\"authenticity_token\"=>\"cjScK3Uhk07yDsmhPCDbaCYrZ3E6vUFjq0/Hv2z/NXm6R8eH4Xmy9qyTqr/DVFu5+Fue5tBRwe0k3WnBGIR97Q==\", \"form\"=>{\"id\"=>\"1\"}, \"controller\"=>\"au_crud\", \"action\"=>\"show\"}',NULL,'{\"cru_cont\"=>1, \"cru_desc\"=>\"post\"}',1,6,1,1),(229,'2017-11-08 15:30:10','/au_crud/desc','g-ginfo.local','127.0.0.1','{\"authenticity_token\"=>\"cjScK3Uhk07yDsmhPCDbaCYrZ3E6vUFjq0/Hv2z/NXm6R8eH4Xmy9qyTqr/DVFu5+Fue5tBRwe0k3WnBGIR97Q==\", \"form\"=>{\"val\"=>\"post1\", \"id\"=>\"1\"}, \"cru_desc\"=>\"post1\", \"controller\"=>\"au_crud\", \"action\"=>\"check_desc\"}',NULL,NULL,1,6,1,1),(230,'2017-11-08 15:30:10','/au_crud/save','g-ginfo.local','127.0.0.1','{\"utf8\"=>\"✓\", \"authenticity_token\"=>\"4Tz9ghCb/XWpmfjZPTH12MWwEtS0aO8EB6fUo53ugbMmdEs58y3ICoYAnGr3SiPSF5vxRt5+CwO/Qur7+BPnLQ==\", \"cru_cont\"=>\"1\", \"cru_desc\"=>\"post1\", \"commit\"=>\"Guardar\", \"controller\"=>\"au_crud\", \"action\"=>\"save\"}',NULL,NULL,1,6,1,1),(231,'2017-11-08 15:31:54','/au_crud','g-ginfo.local','127.0.0.1','{\"controller\"=>\"au_crud\", \"action\"=>\"index\"}',NULL,NULL,2,6,1,1),(232,'2017-11-08 15:33:57','/au_crud','g-ginfo.local','127.0.0.1','{\"controller\"=>\"au_crud\", \"action\"=>\"index\"}',NULL,NULL,2,6,1,1),(233,'2017-11-08 15:34:12','/au_crud/show','g-ginfo.local','127.0.0.1','{\"authenticity_token\"=>\"JJ34whdTdPVybgs6jOhgknMyS4UNC9ktMbBQjtXLExDs7qNugwtVTSzzaCRznOBDrUKyEufnWaO+Iv7wobBbhA==\", \"form\"=>{\"id\"=>\"6\"}, \"controller\"=>\"au_crud\", \"action\"=>\"show\"}',NULL,NULL,1,6,1,1),(234,'2017-11-08 15:34:12','/au_crud/show','g-ginfo.local','127.0.0.1','{\"authenticity_token\"=>\"JJ34whdTdPVybgs6jOhgknMyS4UNC9ktMbBQjtXLExDs7qNugwtVTSzzaCRznOBDrUKyEufnWaO+Iv7wobBbhA==\", \"form\"=>{\"id\"=>\"6\"}, \"controller\"=>\"au_crud\", \"action\"=>\"show\"}',NULL,'{\"cru_cont\"=>6, \"cru_desc\"=>\"read\"}',1,6,1,1),(235,'2017-11-08 15:34:13','/au_crud/desc','g-ginfo.local','127.0.0.1','{\"authenticity_token\"=>\"JJ34whdTdPVybgs6jOhgknMyS4UNC9ktMbBQjtXLExDs7qNugwtVTSzzaCRznOBDrUKyEufnWaO+Iv7wobBbhA==\", \"form\"=>{\"val\"=>\"read1\", \"id\"=>\"6\"}, \"cru_desc\"=>\"read1\", \"controller\"=>\"au_crud\", \"action\"=>\"check_desc\"}',NULL,NULL,1,6,1,1),(236,'2017-11-08 15:34:14','/au_crud/save','g-ginfo.local','127.0.0.1','{\"utf8\"=>\"✓\", \"authenticity_token\"=>\"K719YMTOt5sB8DgWeju/C/Z45o7FPdzUluoYrcoirxPs9cvbJ3iC5C5pXKWwQGkBJFMFHK8rONMuDyb1r9/JjQ==\", \"cru_cont\"=>\"6\", \"cru_desc\"=>\"read1\", \"commit\"=>\"Guardar\", \"controller\"=>\"au_crud\", \"action\"=>\"save\"}',NULL,NULL,1,6,1,1),(237,'2017-11-08 15:34:14','/au_crud/save','g-ginfo.local','127.0.0.1','{\"utf8\"=>\"✓\", \"authenticity_token\"=>\"K719YMTOt5sB8DgWeju/C/Z45o7FPdzUluoYrcoirxPs9cvbJ3iC5C5pXKWwQGkBJFMFHK8rONMuDyb1r9/JjQ==\", \"cru_cont\"=>\"6\", \"cru_desc\"=>\"read1\", \"commit\"=>\"Guardar\", \"controller\"=>\"au_crud\", \"action\"=>\"save\"}','{\"cru_cont\"=>6, \"cru_desc\"=>\"read\"}','{\"cru_desc\"=>\"read1\", \"cru_cont\"=>6}',1,4,1,1),(238,'2017-11-08 15:34:14','/au_crud','g-ginfo.local','127.0.0.1','{\"controller\"=>\"au_crud\", \"action\"=>\"index\"}',NULL,NULL,2,6,1,1),(239,'2017-11-08 15:34:21','/au_crud/show','g-ginfo.local','127.0.0.1','{\"authenticity_token\"=>\"TF1lCNlQvmrcGjuIZCqISYPSK/1HYveQD8yLx+fkoYyELj6kTQif0oKHWJabXgiYXaLSaq2Odx6AXiW5k5/pGA==\", \"form\"=>{\"id\"=>\"6\"}, \"controller\"=>\"au_crud\", \"action\"=>\"show\"}',NULL,NULL,1,6,1,1),(240,'2017-11-08 15:34:21','/au_crud/show','g-ginfo.local','127.0.0.1','{\"authenticity_token\"=>\"TF1lCNlQvmrcGjuIZCqISYPSK/1HYveQD8yLx+fkoYyELj6kTQif0oKHWJabXgiYXaLSaq2Odx6AXiW5k5/pGA==\", \"form\"=>{\"id\"=>\"6\"}, \"controller\"=>\"au_crud\", \"action\"=>\"show\"}',NULL,'{\"cru_cont\"=>6, \"cru_desc\"=>\"read1\"}',1,6,1,1),(241,'2017-11-08 15:34:23','/au_crud/desc','g-ginfo.local','127.0.0.1','{\"authenticity_token\"=>\"TF1lCNlQvmrcGjuIZCqISYPSK/1HYveQD8yLx+fkoYyELj6kTQif0oKHWJabXgiYXaLSaq2Odx6AXiW5k5/pGA==\", \"form\"=>{\"val\"=>\"read\", \"id\"=>\"6\"}, \"cru_desc\"=>\"read\", \"controller\"=>\"au_crud\", \"action\"=>\"check_desc\"}',NULL,NULL,1,6,1,1),(242,'2017-11-08 15:34:24','/au_crud/save','g-ginfo.local','127.0.0.1','{\"utf8\"=>\"✓\", \"authenticity_token\"=>\"Sm8Op2TQnv05El5mO8ZzZgU8zxcmrG86JQYrCShWPQqNJ7gch2arghaLOtXxvaVs1xcshUy6iz2d4xVRTatblA==\", \"cru_cont\"=>\"6\", \"cru_desc\"=>\"read\", \"commit\"=>\"Guardar\", \"controller\"=>\"au_crud\", \"action\"=>\"save\"}',NULL,NULL,1,6,1,1),(243,'2017-11-08 15:34:24','/au_crud/save','g-ginfo.local','127.0.0.1','{\"utf8\"=>\"✓\", \"authenticity_token\"=>\"Sm8Op2TQnv05El5mO8ZzZgU8zxcmrG86JQYrCShWPQqNJ7gch2arghaLOtXxvaVs1xcshUy6iz2d4xVRTatblA==\", \"cru_cont\"=>\"6\", \"cru_desc\"=>\"read\", \"commit\"=>\"Guardar\", \"controller\"=>\"au_crud\", \"action\"=>\"save\"}','{\"cru_cont\"=>6, \"cru_desc\"=>\"read1\"}','{\"cru_desc\"=>\"read\", \"cru_cont\"=>6}',1,4,1,1),(244,'2017-11-08 15:34:24','/au_crud','g-ginfo.local','127.0.0.1','{\"controller\"=>\"au_crud\", \"action\"=>\"index\"}',NULL,NULL,2,6,1,1),(245,'2017-11-08 15:34:58','/au_crud','g-ginfo.local','127.0.0.1','{\"controller\"=>\"au_crud\", \"action\"=>\"index\"}',NULL,NULL,2,6,1,1),(246,'2017-11-08 15:35:01','/au_crud/show','g-ginfo.local','127.0.0.1','{\"authenticity_token\"=>\"E6cAkgdgLpHNenVB8e6SuIrGcw3HKb06spRVGBWp2wbb1Fs+kzgPKZPnFl8OmhJpVLaKmi3FPbQ9BvtmYdKTkg==\", \"form\"=>{\"id\"=>\"1\"}, \"controller\"=>\"au_crud\", \"action\"=>\"show\"}',NULL,NULL,1,6,1,1),(247,'2017-11-08 15:35:01','/au_crud/show','g-ginfo.local','127.0.0.1','{\"authenticity_token\"=>\"E6cAkgdgLpHNenVB8e6SuIrGcw3HKb06spRVGBWp2wbb1Fs+kzgPKZPnFl8OmhJpVLaKmi3FPbQ9BvtmYdKTkg==\", \"form\"=>{\"id\"=>\"1\"}, \"controller\"=>\"au_crud\", \"action\"=>\"show\"}',NULL,'{\"cru_cont\"=>1, \"cru_desc\"=>\"post\"}',1,6,1,1),(248,'2017-11-08 15:35:02','/au_crud/desc','g-ginfo.local','127.0.0.1','{\"authenticity_token\"=>\"E6cAkgdgLpHNenVB8e6SuIrGcw3HKb06spRVGBWp2wbb1Fs+kzgPKZPnFl8OmhJpVLaKmi3FPbQ9BvtmYdKTkg==\", \"form\"=>{\"val\"=>\"post1\", \"id\"=>\"1\"}, \"cru_desc\"=>\"post1\", \"controller\"=>\"au_crud\", \"action\"=>\"check_desc\"}',NULL,NULL,1,6,1,1),(249,'2017-11-08 15:35:05','/au_crud/desc','g-ginfo.local','127.0.0.1','{\"authenticity_token\"=>\"E6cAkgdgLpHNenVB8e6SuIrGcw3HKb06spRVGBWp2wbb1Fs+kzgPKZPnFl8OmhJpVLaKmi3FPbQ9BvtmYdKTkg==\", \"form\"=>{\"val\"=>\"post\", \"id\"=>\"1\"}, \"cru_desc\"=>\"post\", \"controller\"=>\"au_crud\", \"action\"=>\"check_desc\"}',NULL,NULL,1,6,1,1),(250,'2017-11-08 15:35:41','/au_crud','g-ginfo.local','127.0.0.1','{\"controller\"=>\"au_crud\", \"action\"=>\"index\"}',NULL,NULL,2,6,1,1),(251,'2017-11-08 15:35:44','/au_crud/show','g-ginfo.local','127.0.0.1','{\"authenticity_token\"=>\"zto66nLJZpCF3D88JkBNnfMdei8XESEiG6nGGyjBr8AGqWFG5pFHKNtBXCLZNM1MLW2DuP39oayUO2hlXLrnVA==\", \"form\"=>{\"id\"=>\"1\"}, \"controller\"=>\"au_crud\", \"action\"=>\"show\"}',NULL,NULL,1,6,1,1),(252,'2017-11-08 15:35:44','/au_crud/show','g-ginfo.local','127.0.0.1','{\"authenticity_token\"=>\"zto66nLJZpCF3D88JkBNnfMdei8XESEiG6nGGyjBr8AGqWFG5pFHKNtBXCLZNM1MLW2DuP39oayUO2hlXLrnVA==\", \"form\"=>{\"id\"=>\"1\"}, \"controller\"=>\"au_crud\", \"action\"=>\"show\"}',NULL,'{\"cru_cont\"=>1, \"cru_desc\"=>\"post\"}',1,6,1,1),(253,'2017-11-08 15:35:45','/au_crud/desc','g-ginfo.local','127.0.0.1','{\"authenticity_token\"=>\"zto66nLJZpCF3D88JkBNnfMdei8XESEiG6nGGyjBr8AGqWFG5pFHKNtBXCLZNM1MLW2DuP39oayUO2hlXLrnVA==\", \"form\"=>{\"val\"=>\"post\", \"id\"=>\"1\"}, \"cru_desc\"=>\"post\", \"controller\"=>\"au_crud\", \"action\"=>\"check_desc\"}',NULL,NULL,1,6,1,1),(254,'2017-11-08 15:35:45','/au_crud/save','g-ginfo.local','127.0.0.1','{\"utf8\"=>\"✓\", \"authenticity_token\"=>\"bEWeW/OLT5jwwgnIMw7ecVV6p7M3Rk+o9gG9Urup0BWrDSjgED16599bbXv5dQh7h1FEIV1Qq69O5IMK3lS2iw==\", \"cru_cont\"=>\"1\", \"cru_desc\"=>\"post\", \"commit\"=>\"Guardar\", \"controller\"=>\"au_crud\", \"action\"=>\"save\"}',NULL,NULL,1,6,1,1),(255,'2017-11-08 15:35:45','/au_crud/save','g-ginfo.local','127.0.0.1','{\"utf8\"=>\"✓\", \"authenticity_token\"=>\"bEWeW/OLT5jwwgnIMw7ecVV6p7M3Rk+o9gG9Urup0BWrDSjgED16599bbXv5dQh7h1FEIV1Qq69O5IMK3lS2iw==\", \"cru_cont\"=>\"1\", \"cru_desc\"=>\"post\", \"commit\"=>\"Guardar\", \"controller\"=>\"au_crud\", \"action\"=>\"save\"}','{\"cru_cont\"=>1, \"cru_desc\"=>\"post\"}','{\"cru_desc\"=>\"post\", \"cru_cont\"=>1}',1,1,1,1),(256,'2017-11-08 15:35:45','/au_crud','g-ginfo.local','127.0.0.1','{\"controller\"=>\"au_crud\", \"action\"=>\"index\"}',NULL,NULL,2,6,1,1),(257,'2017-11-08 15:38:57','/au_crud','g-ginfo.local','127.0.0.1','{\"controller\"=>\"au_crud\", \"action\"=>\"index\"}',NULL,NULL,2,6,1,1),(258,'2017-11-08 15:41:33','/au_crud','g-ginfo.local','127.0.0.1','{\"controller\"=>\"au_crud\", \"action\"=>\"index\"}',NULL,NULL,2,6,1,1),(259,'2017-11-08 15:42:40','/au_crud/show','g-ginfo.local','127.0.0.1','{\"authenticity_token\"=>\"uG2T2cTPbbLQqlWjsRwQJ57LoBW8Qbe897hXs2T6J2FwHsh1UJdMCo43Nr1OaJD2QLtZglatNzJ4KvnNEIFv9Q==\", \"form\"=>{\"id\"=>\"3\"}, \"controller\"=>\"au_crud\", \"action\"=>\"show\"}',NULL,NULL,1,6,1,1),(260,'2017-11-08 15:42:40','/au_crud/show','g-ginfo.local','127.0.0.1','{\"authenticity_token\"=>\"uG2T2cTPbbLQqlWjsRwQJ57LoBW8Qbe897hXs2T6J2FwHsh1UJdMCo43Nr1OaJD2QLtZglatNzJ4KvnNEIFv9Q==\", \"form\"=>{\"id\"=>\"3\"}, \"controller\"=>\"au_crud\", \"action\"=>\"show\"}',NULL,'{\"cru_cont\"=>3, \"cru_desc\"=>\"create\"}',1,6,1,1),(261,'2017-11-08 15:42:44','/au_crud','g-ginfo.local','127.0.0.1','{\"controller\"=>\"au_crud\", \"action\"=>\"index\"}',NULL,NULL,2,6,1,1),(262,'2017-11-08 15:43:25','/au_crud','g-ginfo.local','127.0.0.1','{\"controller\"=>\"au_crud\", \"action\"=>\"index\"}',NULL,NULL,2,6,1,1),(263,'2017-11-08 15:44:13','/au_crud','g-ginfo.local','127.0.0.1','{\"controller\"=>\"au_crud\", \"action\"=>\"index\"}',NULL,NULL,2,6,1,1),(264,'2017-11-08 15:44:44','/au_crud','g-ginfo.local','127.0.0.1','{\"controller\"=>\"au_crud\", \"action\"=>\"index\"}',NULL,NULL,2,6,1,1),(265,'2017-11-08 15:45:03','/au_crud/show','g-ginfo.local','127.0.0.1','{\"authenticity_token\"=>\"T3akgvGAsadCX4bNfl1/EpwgkwSbjhIDryWPuIWLaRSHBf8uZdiQHxzC5dOBKf/DQlBqk3Fiko0gtyHG8fAhgA==\", \"form\"=>{\"id\"=>\"3\"}, \"controller\"=>\"au_crud\", \"action\"=>\"show\"}',NULL,NULL,1,6,1,1),(266,'2017-11-08 15:45:03','/au_crud/show','g-ginfo.local','127.0.0.1','{\"authenticity_token\"=>\"T3akgvGAsadCX4bNfl1/EpwgkwSbjhIDryWPuIWLaRSHBf8uZdiQHxzC5dOBKf/DQlBqk3Fiko0gtyHG8fAhgA==\", \"form\"=>{\"id\"=>\"3\"}, \"controller\"=>\"au_crud\", \"action\"=>\"show\"}',NULL,'{\"cru_cont\"=>3, \"cru_desc\"=>\"create\"}',1,6,1,1),(267,'2017-11-08 15:45:07','/au_crud/desc','g-ginfo.local','127.0.0.1','{\"authenticity_token\"=>\"T3akgvGAsadCX4bNfl1/EpwgkwSbjhIDryWPuIWLaRSHBf8uZdiQHxzC5dOBKf/DQlBqk3Fiko0gtyHG8fAhgA==\", \"form\"=>{\"val\"=>\"creat\", \"id\"=>\"3\"}, \"cru_desc\"=>\"creat\", \"controller\"=>\"au_crud\", \"action\"=>\"check_desc\"}',NULL,NULL,1,6,1,1),(268,'2017-11-08 15:45:08','/au_crud/desc','g-ginfo.local','127.0.0.1','{\"authenticity_token\"=>\"T3akgvGAsadCX4bNfl1/EpwgkwSbjhIDryWPuIWLaRSHBf8uZdiQHxzC5dOBKf/DQlBqk3Fiko0gtyHG8fAhgA==\", \"form\"=>{\"val\"=>\"create\", \"id\"=>\"3\"}, \"cru_desc\"=>\"create\", \"controller\"=>\"au_crud\", \"action\"=>\"check_desc\"}',NULL,NULL,1,6,1,1),(269,'2017-11-08 15:45:11','/au_crud/desc','g-ginfo.local','127.0.0.1','{\"authenticity_token\"=>\"T3akgvGAsadCX4bNfl1/EpwgkwSbjhIDryWPuIWLaRSHBf8uZdiQHxzC5dOBKf/DQlBqk3Fiko0gtyHG8fAhgA==\", \"form\"=>{\"val\"=>\"u\", \"id\"=>\"3\"}, \"cru_desc\"=>\"u\", \"controller\"=>\"au_crud\", \"action\"=>\"check_desc\"}',NULL,NULL,1,6,1,1),(270,'2017-11-08 15:45:11','/au_crud/desc','g-ginfo.local','127.0.0.1','{\"authenticity_token\"=>\"T3akgvGAsadCX4bNfl1/EpwgkwSbjhIDryWPuIWLaRSHBf8uZdiQHxzC5dOBKf/DQlBqk3Fiko0gtyHG8fAhgA==\", \"form\"=>{\"val\"=>\"up\", \"id\"=>\"3\"}, \"cru_desc\"=>\"up\", \"controller\"=>\"au_crud\", \"action\"=>\"check_desc\"}',NULL,NULL,1,6,1,1),(271,'2017-11-08 15:45:11','/au_crud/desc','g-ginfo.local','127.0.0.1','{\"authenticity_token\"=>\"T3akgvGAsadCX4bNfl1/EpwgkwSbjhIDryWPuIWLaRSHBf8uZdiQHxzC5dOBKf/DQlBqk3Fiko0gtyHG8fAhgA==\", \"form\"=>{\"val\"=>\"upd\", \"id\"=>\"3\"}, \"cru_desc\"=>\"upd\", \"controller\"=>\"au_crud\", \"action\"=>\"check_desc\"}',NULL,NULL,1,6,1,1),(272,'2017-11-08 15:45:11','/au_crud/desc','g-ginfo.local','127.0.0.1','{\"authenticity_token\"=>\"T3akgvGAsadCX4bNfl1/EpwgkwSbjhIDryWPuIWLaRSHBf8uZdiQHxzC5dOBKf/DQlBqk3Fiko0gtyHG8fAhgA==\", \"form\"=>{\"val\"=>\"upda\", \"id\"=>\"3\"}, \"cru_desc\"=>\"upda\", \"controller\"=>\"au_crud\", \"action\"=>\"check_desc\"}',NULL,NULL,1,6,1,1),(273,'2017-11-08 15:45:11','/au_crud/desc','g-ginfo.local','127.0.0.1','{\"authenticity_token\"=>\"T3akgvGAsadCX4bNfl1/EpwgkwSbjhIDryWPuIWLaRSHBf8uZdiQHxzC5dOBKf/DQlBqk3Fiko0gtyHG8fAhgA==\", \"form\"=>{\"val\"=>\"updat\", \"id\"=>\"3\"}, \"cru_desc\"=>\"updat\", \"controller\"=>\"au_crud\", \"action\"=>\"check_desc\"}',NULL,NULL,1,6,1,1),(274,'2017-11-08 15:45:12','/au_crud/desc','g-ginfo.local','127.0.0.1','{\"authenticity_token\"=>\"T3akgvGAsadCX4bNfl1/EpwgkwSbjhIDryWPuIWLaRSHBf8uZdiQHxzC5dOBKf/DQlBqk3Fiko0gtyHG8fAhgA==\", \"form\"=>{\"val\"=>\"update\", \"id\"=>\"3\"}, \"cru_desc\"=>\"update\", \"controller\"=>\"au_crud\", \"action\"=>\"check_desc\"}',NULL,NULL,1,6,1,1),(275,'2017-11-08 15:45:15','/au_crud/desc','g-ginfo.local','127.0.0.1','{\"authenticity_token\"=>\"T3akgvGAsadCX4bNfl1/EpwgkwSbjhIDryWPuIWLaRSHBf8uZdiQHxzC5dOBKf/DQlBqk3Fiko0gtyHG8fAhgA==\", \"form\"=>{\"val\"=>\"c\", \"id\"=>\"3\"}, \"cru_desc\"=>\"c\", \"controller\"=>\"au_crud\", \"action\"=>\"check_desc\"}',NULL,NULL,1,6,1,1),(276,'2017-11-08 15:45:15','/au_crud/desc','g-ginfo.local','127.0.0.1','{\"authenticity_token\"=>\"T3akgvGAsadCX4bNfl1/EpwgkwSbjhIDryWPuIWLaRSHBf8uZdiQHxzC5dOBKf/DQlBqk3Fiko0gtyHG8fAhgA==\", \"form\"=>{\"val\"=>\"cr\", \"id\"=>\"3\"}, \"cru_desc\"=>\"cr\", \"controller\"=>\"au_crud\", \"action\"=>\"check_desc\"}',NULL,NULL,1,6,1,1),(277,'2017-11-08 15:45:15','/au_crud/desc','g-ginfo.local','127.0.0.1','{\"authenticity_token\"=>\"T3akgvGAsadCX4bNfl1/EpwgkwSbjhIDryWPuIWLaRSHBf8uZdiQHxzC5dOBKf/DQlBqk3Fiko0gtyHG8fAhgA==\", \"form\"=>{\"val\"=>\"cre\", \"id\"=>\"3\"}, \"cru_desc\"=>\"cre\", \"controller\"=>\"au_crud\", \"action\"=>\"check_desc\"}',NULL,NULL,1,6,1,1),(278,'2017-11-08 15:45:15','/au_crud/desc','g-ginfo.local','127.0.0.1','{\"authenticity_token\"=>\"T3akgvGAsadCX4bNfl1/EpwgkwSbjhIDryWPuIWLaRSHBf8uZdiQHxzC5dOBKf/DQlBqk3Fiko0gtyHG8fAhgA==\", \"form\"=>{\"val\"=>\"crea\", \"id\"=>\"3\"}, \"cru_desc\"=>\"crea\", \"controller\"=>\"au_crud\", \"action\"=>\"check_desc\"}',NULL,NULL,1,6,1,1),(279,'2017-11-08 15:45:15','/au_crud/desc','g-ginfo.local','127.0.0.1','{\"authenticity_token\"=>\"T3akgvGAsadCX4bNfl1/EpwgkwSbjhIDryWPuIWLaRSHBf8uZdiQHxzC5dOBKf/DQlBqk3Fiko0gtyHG8fAhgA==\", \"form\"=>{\"val\"=>\"creat\", \"id\"=>\"3\"}, \"cru_desc\"=>\"creat\", \"controller\"=>\"au_crud\", \"action\"=>\"check_desc\"}',NULL,NULL,1,6,1,1),(280,'2017-11-08 15:45:15','/au_crud/desc','g-ginfo.local','127.0.0.1','{\"authenticity_token\"=>\"T3akgvGAsadCX4bNfl1/EpwgkwSbjhIDryWPuIWLaRSHBf8uZdiQHxzC5dOBKf/DQlBqk3Fiko0gtyHG8fAhgA==\", \"form\"=>{\"val\"=>\"create\", \"id\"=>\"3\"}, \"cru_desc\"=>\"create\", \"controller\"=>\"au_crud\", \"action\"=>\"check_desc\"}',NULL,NULL,1,6,1,1),(281,'2017-11-08 15:45:17','/au_crud/save','g-ginfo.local','127.0.0.1','{\"utf8\"=>\"✓\", \"authenticity_token\"=>\"uc+mWBIN2oM9AAUBgznksPcm5mh3SN59VRIdhKXE5qd+hxDj8bvv/BKZYbJJQjK6JQ0F+h1eOnrt9yPcwDmAOQ==\", \"cru_cont\"=>\"3\", \"cru_desc\"=>\"create\", \"commit\"=>\"Guardar\", \"controller\"=>\"au_crud\", \"action\"=>\"save\"}',NULL,NULL,1,6,1,1),(282,'2017-11-08 15:45:17','/au_crud/save','g-ginfo.local','127.0.0.1','{\"utf8\"=>\"✓\", \"authenticity_token\"=>\"uc+mWBIN2oM9AAUBgznksPcm5mh3SN59VRIdhKXE5qd+hxDj8bvv/BKZYbJJQjK6JQ0F+h1eOnrt9yPcwDmAOQ==\", \"cru_cont\"=>\"3\", \"cru_desc\"=>\"create\", \"commit\"=>\"Guardar\", \"controller\"=>\"au_crud\", \"action\"=>\"save\"}','{\"cru_cont\"=>3, \"cru_desc\"=>\"create\"}','{\"cru_desc\"=>\"create\", \"cru_cont\"=>3}',1,1,1,1),(283,'2017-11-08 15:45:17','/au_crud','g-ginfo.local','127.0.0.1','{\"controller\"=>\"au_crud\", \"action\"=>\"index\"}',NULL,NULL,2,6,1,1),(284,'2017-11-08 15:45:22','/gn_tusu','g-ginfo.local','127.0.0.1','{\"controller\"=>\"gn_tusu\", \"action\"=>\"index\"}',NULL,NULL,2,6,1,1),(285,'2017-11-08 15:46:27','/gn_tusu/delete','g-ginfo.local','127.0.0.1','{\"authenticity_token\"=>\"uXmlImMRLbQWK8TVIpTAEs0AqlTMJZDxg37n5h91zJVxCv6O90kMDEi2p8vd4EDDE3BTwybJEH8M7EmYaw6EAQ==\", \"form\"=>{\"id\"=>\"4\"}, \"controller\"=>\"gn_tusu\", \"action\"=>\"delete\"}',NULL,NULL,1,6,1,1),(286,'2017-11-08 15:46:27','/gn_tusu/delete','g-ginfo.local','127.0.0.1','{\"authenticity_token\"=>\"uXmlImMRLbQWK8TVIpTAEs0AqlTMJZDxg37n5h91zJVxCv6O90kMDEi2p8vd4EDDE3BTwybJEH8M7EmYaw6EAQ==\", \"form\"=>{\"id\"=>\"4\"}, \"controller\"=>\"gn_tusu\", \"action\"=>\"delete\"}',NULL,NULL,1,5,1,1),(287,'2017-11-08 15:50:22','/gn_tusu','g-ginfo.local','127.0.0.1','{\"controller\"=>\"gn_tusu\", \"action\"=>\"index\"}',NULL,NULL,2,6,1,1),(288,'2017-11-08 15:50:48','/gn_tusu','g-ginfo.local','127.0.0.1','{\"controller\"=>\"gn_tusu\", \"action\"=>\"index\"}',NULL,NULL,2,6,1,1),(289,'2017-11-08 16:07:26','/gn_tusu/desc','g-ginfo.local','127.0.0.1','{\"authenticity_token\"=>\"11fasKT2L4jwJhv/1fOciknG8cVWa3uXR7a4aTOmrHMfJIEcMK4OMK67eOEqhxxbl7YIUryH+xnIJBYXR93k5w==\", \"form\"=>{\"val\"=>\"ad\", \"id\"=>\"\"}, \"tus_desc\"=>\"ad\", \"controller\"=>\"gn_tusu\", \"action\"=>\"check_desc\"}',NULL,NULL,1,6,1,1),(290,'2017-11-08 16:07:27','/gn_tusu/desc','g-ginfo.local','127.0.0.1','{\"authenticity_token\"=>\"11fasKT2L4jwJhv/1fOciknG8cVWa3uXR7a4aTOmrHMfJIEcMK4OMK67eOEqhxxbl7YIUryH+xnIJBYXR93k5w==\", \"form\"=>{\"val\"=>\"admini\", \"id\"=>\"\"}, \"tus_desc\"=>\"admini\", \"controller\"=>\"gn_tusu\", \"action\"=>\"check_desc\"}',NULL,NULL,1,6,1,1),(291,'2017-11-08 16:07:27','/gn_tusu/desc','g-ginfo.local','127.0.0.1','{\"authenticity_token\"=>\"11fasKT2L4jwJhv/1fOciknG8cVWa3uXR7a4aTOmrHMfJIEcMK4OMK67eOEqhxxbl7YIUryH+xnIJBYXR93k5w==\", \"form\"=>{\"val\"=>\"admi\", \"id\"=>\"\"}, \"tus_desc\"=>\"admi\", \"controller\"=>\"gn_tusu\", \"action\"=>\"check_desc\"}',NULL,NULL,1,6,1,1),(292,'2017-11-08 16:07:27','/gn_tusu/desc','g-ginfo.local','127.0.0.1','{\"authenticity_token\"=>\"11fasKT2L4jwJhv/1fOciknG8cVWa3uXR7a4aTOmrHMfJIEcMK4OMK67eOEqhxxbl7YIUryH+xnIJBYXR93k5w==\", \"form\"=>{\"val\"=>\"administ\", \"id\"=>\"\"}, \"tus_desc\"=>\"administ\", \"controller\"=>\"gn_tusu\", \"action\"=>\"check_desc\"}',NULL,NULL,1,6,1,1),(293,'2017-11-08 16:07:27','/gn_tusu/desc','g-ginfo.local','127.0.0.1','{\"authenticity_token\"=>\"11fasKT2L4jwJhv/1fOciknG8cVWa3uXR7a4aTOmrHMfJIEcMK4OMK67eOEqhxxbl7YIUryH+xnIJBYXR93k5w==\", \"form\"=>{\"val\"=>\"administr\", \"id\"=>\"\"}, \"tus_desc\"=>\"administr\", \"controller\"=>\"gn_tusu\", \"action\"=>\"check_desc\"}',NULL,NULL,1,6,1,1),(294,'2017-11-08 16:07:27','/gn_tusu/desc','g-ginfo.local','127.0.0.1','{\"authenticity_token\"=>\"11fasKT2L4jwJhv/1fOciknG8cVWa3uXR7a4aTOmrHMfJIEcMK4OMK67eOEqhxxbl7YIUryH+xnIJBYXR93k5w==\", \"form\"=>{\"val\"=>\"administra\", \"id\"=>\"\"}, \"tus_desc\"=>\"administra\", \"controller\"=>\"gn_tusu\", \"action\"=>\"check_desc\"}',NULL,NULL,1,6,1,1),(295,'2017-11-08 16:07:27','/gn_tusu/desc','g-ginfo.local','127.0.0.1','{\"authenticity_token\"=>\"11fasKT2L4jwJhv/1fOciknG8cVWa3uXR7a4aTOmrHMfJIEcMK4OMK67eOEqhxxbl7YIUryH+xnIJBYXR93k5w==\", \"form\"=>{\"val\"=>\"administrad\", \"id\"=>\"\"}, \"tus_desc\"=>\"administrad\", \"controller\"=>\"gn_tusu\", \"action\"=>\"check_desc\"}',NULL,NULL,1,6,1,1),(296,'2017-11-08 16:07:27','/gn_tusu/desc','g-ginfo.local','127.0.0.1','{\"authenticity_token\"=>\"11fasKT2L4jwJhv/1fOciknG8cVWa3uXR7a4aTOmrHMfJIEcMK4OMK67eOEqhxxbl7YIUryH+xnIJBYXR93k5w==\", \"form\"=>{\"val\"=>\"administrado\", \"id\"=>\"\"}, \"tus_desc\"=>\"administrado\", \"controller\"=>\"gn_tusu\", \"action\"=>\"check_desc\"}',NULL,NULL,1,6,1,1),(297,'2017-11-08 16:07:27','/gn_tusu/desc','g-ginfo.local','127.0.0.1','{\"authenticity_token\"=>\"11fasKT2L4jwJhv/1fOciknG8cVWa3uXR7a4aTOmrHMfJIEcMK4OMK67eOEqhxxbl7YIUryH+xnIJBYXR93k5w==\", \"form\"=>{\"val\"=>\"administrador\", \"id\"=>\"\"}, \"tus_desc\"=>\"administrador\", \"controller\"=>\"gn_tusu\", \"action\"=>\"check_desc\"}',NULL,NULL,1,6,1,1),(298,'2017-11-08 16:08:40','/gn_tdoc','g-ginfo.local','127.0.0.1','{\"controller\"=>\"gn_tdoc\", \"action\"=>\"index\"}',NULL,NULL,2,6,1,1),(299,'2017-11-08 16:10:05','/gn_tdoc/show','g-ginfo.local','127.0.0.1','{\"authenticity_token\"=>\"r3vtPyjLLLkX3pLoku6byXnkTGtDDoAm/q3wA7CE73xnCLaTvJMNAUlD8fZtmhsYp5S1/KniAKhxP159xP+n6A==\", \"form\"=>{\"id\"=>\"1\"}, \"controller\"=>\"gn_tdoc\", \"action\"=>\"show\"}',NULL,NULL,1,6,1,1),(300,'2017-11-08 16:10:05','/gn_tdoc/show','g-ginfo.local','127.0.0.1','{\"authenticity_token\"=>\"r3vtPyjLLLkX3pLoku6byXnkTGtDDoAm/q3wA7CE73xnCLaTvJMNAUlD8fZtmhsYp5S1/KniAKhxP159xP+n6A==\", \"form\"=>{\"id\"=>\"1\"}, \"controller\"=>\"gn_tdoc\", \"action\"=>\"show\"}',NULL,NULL,1,6,1,1),(301,'2017-11-08 16:10:08','/gn_tdoc/desc','g-ginfo.local','127.0.0.1','{\"authenticity_token\"=>\"r3vtPyjLLLkX3pLoku6byXnkTGtDDoAm/q3wA7CE73xnCLaTvJMNAUlD8fZtmhsYp5S1/KniAKhxP159xP+n6A==\", \"form\"=>{\"val\"=>\"cedula de e\", \"id\"=>\"1\"}, \"tdo_desc\"=>\"cedula de e\", \"controller\"=>\"gn_tdoc\", \"action\"=>\"check_desc\"}',NULL,NULL,1,6,1,1),(302,'2017-11-08 16:10:08','/gn_tdoc/desc','g-ginfo.local','127.0.0.1','{\"authenticity_token\"=>\"r3vtPyjLLLkX3pLoku6byXnkTGtDDoAm/q3wA7CE73xnCLaTvJMNAUlD8fZtmhsYp5S1/KniAKhxP159xP+n6A==\", \"form\"=>{\"val\"=>\"cedula de ex\", \"id\"=>\"1\"}, \"tdo_desc\"=>\"cedula de ex\", \"controller\"=>\"gn_tdoc\", \"action\"=>\"check_desc\"}',NULL,NULL,1,6,1,1),(303,'2017-11-08 16:10:08','/gn_tdoc/desc','g-ginfo.local','127.0.0.1','{\"authenticity_token\"=>\"r3vtPyjLLLkX3pLoku6byXnkTGtDDoAm/q3wA7CE73xnCLaTvJMNAUlD8fZtmhsYp5S1/KniAKhxP159xP+n6A==\", \"form\"=>{\"val\"=>\"cedula de ext\", \"id\"=>\"1\"}, \"tdo_desc\"=>\"cedula de ext\", \"controller\"=>\"gn_tdoc\", \"action\"=>\"check_desc\"}',NULL,NULL,1,6,1,1),(304,'2017-11-08 16:10:09','/gn_tdoc/desc','g-ginfo.local','127.0.0.1','{\"authenticity_token\"=>\"r3vtPyjLLLkX3pLoku6byXnkTGtDDoAm/q3wA7CE73xnCLaTvJMNAUlD8fZtmhsYp5S1/KniAKhxP159xP+n6A==\", \"form\"=>{\"val\"=>\"cedula de extr\", \"id\"=>\"1\"}, \"tdo_desc\"=>\"cedula de extr\", \"controller\"=>\"gn_tdoc\", \"action\"=>\"check_desc\"}',NULL,NULL,1,6,1,1),(305,'2017-11-08 16:10:09','/gn_tdoc/desc','g-ginfo.local','127.0.0.1','{\"authenticity_token\"=>\"r3vtPyjLLLkX3pLoku6byXnkTGtDDoAm/q3wA7CE73xnCLaTvJMNAUlD8fZtmhsYp5S1/KniAKhxP159xP+n6A==\", \"form\"=>{\"val\"=>\"cedula de extra\", \"id\"=>\"1\"}, \"tdo_desc\"=>\"cedula de extra\", \"controller\"=>\"gn_tdoc\", \"action\"=>\"check_desc\"}',NULL,NULL,1,6,1,1),(306,'2017-11-08 16:10:09','/gn_tdoc/desc','g-ginfo.local','127.0.0.1','{\"authenticity_token\"=>\"r3vtPyjLLLkX3pLoku6byXnkTGtDDoAm/q3wA7CE73xnCLaTvJMNAUlD8fZtmhsYp5S1/KniAKhxP159xP+n6A==\", \"form\"=>{\"val\"=>\"cedula de extran\", \"id\"=>\"1\"}, \"tdo_desc\"=>\"cedula de extran\", \"controller\"=>\"gn_tdoc\", \"action\"=>\"check_desc\"}',NULL,NULL,1,6,1,1),(307,'2017-11-08 16:10:09','/gn_tdoc/desc','g-ginfo.local','127.0.0.1','{\"authenticity_token\"=>\"r3vtPyjLLLkX3pLoku6byXnkTGtDDoAm/q3wA7CE73xnCLaTvJMNAUlD8fZtmhsYp5S1/KniAKhxP159xP+n6A==\", \"form\"=>{\"val\"=>\"cedula de extranj\", \"id\"=>\"1\"}, \"tdo_desc\"=>\"cedula de extranj\", \"controller\"=>\"gn_tdoc\", \"action\"=>\"check_desc\"}',NULL,NULL,1,6,1,1),(308,'2017-11-08 16:10:09','/gn_tdoc/desc','g-ginfo.local','127.0.0.1','{\"authenticity_token\"=>\"r3vtPyjLLLkX3pLoku6byXnkTGtDDoAm/q3wA7CE73xnCLaTvJMNAUlD8fZtmhsYp5S1/KniAKhxP159xP+n6A==\", \"form\"=>{\"val\"=>\"cedula de extranje\", \"id\"=>\"1\"}, \"tdo_desc\"=>\"cedula de extranje\", \"controller\"=>\"gn_tdoc\", \"action\"=>\"check_desc\"}',NULL,NULL,1,6,1,1),(309,'2017-11-08 16:10:09','/gn_tdoc/desc','g-ginfo.local','127.0.0.1','{\"authenticity_token\"=>\"r3vtPyjLLLkX3pLoku6byXnkTGtDDoAm/q3wA7CE73xnCLaTvJMNAUlD8fZtmhsYp5S1/KniAKhxP159xP+n6A==\", \"form\"=>{\"val\"=>\"cedula de extranjer\", \"id\"=>\"1\"}, \"tdo_desc\"=>\"cedula de extranjer\", \"controller\"=>\"gn_tdoc\", \"action\"=>\"check_desc\"}',NULL,NULL,1,6,1,1),(310,'2017-11-08 16:10:09','/gn_tdoc/desc','g-ginfo.local','127.0.0.1','{\"authenticity_token\"=>\"r3vtPyjLLLkX3pLoku6byXnkTGtDDoAm/q3wA7CE73xnCLaTvJMNAUlD8fZtmhsYp5S1/KniAKhxP159xP+n6A==\", \"form\"=>{\"val\"=>\"cedula de extranjeri\", \"id\"=>\"1\"}, \"tdo_desc\"=>\"cedula de extranjeri\", \"controller\"=>\"gn_tdoc\", \"action\"=>\"check_desc\"}',NULL,NULL,1,6,1,1),(311,'2017-11-08 16:10:10','/gn_tdoc/desc','g-ginfo.local','127.0.0.1','{\"authenticity_token\"=>\"r3vtPyjLLLkX3pLoku6byXnkTGtDDoAm/q3wA7CE73xnCLaTvJMNAUlD8fZtmhsYp5S1/KniAKhxP159xP+n6A==\", \"form\"=>{\"val\"=>\"cedula de extranjeria\", \"id\"=>\"1\"}, \"tdo_desc\"=>\"cedula de extranjeria\", \"controller\"=>\"gn_tdoc\", \"action\"=>\"check_desc\"}',NULL,NULL,1,6,1,1),(312,'2017-11-08 16:10:13','/gn_tdoc/desc','g-ginfo.local','127.0.0.1','{\"authenticity_token\"=>\"r3vtPyjLLLkX3pLoku6byXnkTGtDDoAm/q3wA7CE73xnCLaTvJMNAUlD8fZtmhsYp5S1/KniAKhxP159xP+n6A==\", \"form\"=>{\"val\"=>\"cedula de c\", \"id\"=>\"1\"}, \"tdo_desc\"=>\"cedula de c\", \"controller\"=>\"gn_tdoc\", \"action\"=>\"check_desc\"}',NULL,NULL,1,6,1,1),(313,'2017-11-08 16:10:13','/gn_tdoc/desc','g-ginfo.local','127.0.0.1','{\"authenticity_token\"=>\"r3vtPyjLLLkX3pLoku6byXnkTGtDDoAm/q3wA7CE73xnCLaTvJMNAUlD8fZtmhsYp5S1/KniAKhxP159xP+n6A==\", \"form\"=>{\"val\"=>\"cedula de ci\", \"id\"=>\"1\"}, \"tdo_desc\"=>\"cedula de ci\", \"controller\"=>\"gn_tdoc\", \"action\"=>\"check_desc\"}',NULL,NULL,1,6,1,1),(314,'2017-11-08 16:10:13','/gn_tdoc/desc','g-ginfo.local','127.0.0.1','{\"authenticity_token\"=>\"r3vtPyjLLLkX3pLoku6byXnkTGtDDoAm/q3wA7CE73xnCLaTvJMNAUlD8fZtmhsYp5S1/KniAKhxP159xP+n6A==\", \"form\"=>{\"val\"=>\"cedula de ciu\", \"id\"=>\"1\"}, \"tdo_desc\"=>\"cedula de ciu\", \"controller\"=>\"gn_tdoc\", \"action\"=>\"check_desc\"}',NULL,NULL,1,6,1,1),(315,'2017-11-08 16:10:13','/gn_tdoc/desc','g-ginfo.local','127.0.0.1','{\"authenticity_token\"=>\"r3vtPyjLLLkX3pLoku6byXnkTGtDDoAm/q3wA7CE73xnCLaTvJMNAUlD8fZtmhsYp5S1/KniAKhxP159xP+n6A==\", \"form\"=>{\"val\"=>\"cedula de ciud\", \"id\"=>\"1\"}, \"tdo_desc\"=>\"cedula de ciud\", \"controller\"=>\"gn_tdoc\", \"action\"=>\"check_desc\"}',NULL,NULL,1,6,1,1),(316,'2017-11-08 16:10:14','/gn_tdoc/desc','g-ginfo.local','127.0.0.1','{\"authenticity_token\"=>\"r3vtPyjLLLkX3pLoku6byXnkTGtDDoAm/q3wA7CE73xnCLaTvJMNAUlD8fZtmhsYp5S1/KniAKhxP159xP+n6A==\", \"form\"=>{\"val\"=>\"cedula de ciuda\", \"id\"=>\"1\"}, \"tdo_desc\"=>\"cedula de ciuda\", \"controller\"=>\"gn_tdoc\", \"action\"=>\"check_desc\"}',NULL,NULL,1,6,1,1),(317,'2017-11-08 16:10:14','/gn_tdoc/desc','g-ginfo.local','127.0.0.1','{\"authenticity_token\"=>\"r3vtPyjLLLkX3pLoku6byXnkTGtDDoAm/q3wA7CE73xnCLaTvJMNAUlD8fZtmhsYp5S1/KniAKhxP159xP+n6A==\", \"form\"=>{\"val\"=>\"cedula de ciudad\", \"id\"=>\"1\"}, \"tdo_desc\"=>\"cedula de ciudad\", \"controller\"=>\"gn_tdoc\", \"action\"=>\"check_desc\"}',NULL,NULL,1,6,1,1),(318,'2017-11-08 16:10:14','/gn_tdoc/desc','g-ginfo.local','127.0.0.1','{\"authenticity_token\"=>\"r3vtPyjLLLkX3pLoku6byXnkTGtDDoAm/q3wA7CE73xnCLaTvJMNAUlD8fZtmhsYp5S1/KniAKhxP159xP+n6A==\", \"form\"=>{\"val\"=>\"cedula de ciudada\", \"id\"=>\"1\"}, \"tdo_desc\"=>\"cedula de ciudada\", \"controller\"=>\"gn_tdoc\", \"action\"=>\"check_desc\"}',NULL,NULL,1,6,1,1),(319,'2017-11-08 16:10:14','/gn_tdoc/desc','g-ginfo.local','127.0.0.1','{\"authenticity_token\"=>\"r3vtPyjLLLkX3pLoku6byXnkTGtDDoAm/q3wA7CE73xnCLaTvJMNAUlD8fZtmhsYp5S1/KniAKhxP159xP+n6A==\", \"form\"=>{\"val\"=>\"cedula de ciudadan\", \"id\"=>\"1\"}, \"tdo_desc\"=>\"cedula de ciudadan\", \"controller\"=>\"gn_tdoc\", \"action\"=>\"check_desc\"}',NULL,NULL,1,6,1,1),(320,'2017-11-08 16:10:14','/gn_tdoc/desc','g-ginfo.local','127.0.0.1','{\"authenticity_token\"=>\"r3vtPyjLLLkX3pLoku6byXnkTGtDDoAm/q3wA7CE73xnCLaTvJMNAUlD8fZtmhsYp5S1/KniAKhxP159xP+n6A==\", \"form\"=>{\"val\"=>\"cedula de ciudadani\", \"id\"=>\"1\"}, \"tdo_desc\"=>\"cedula de ciudadani\", \"controller\"=>\"gn_tdoc\", \"action\"=>\"check_desc\"}',NULL,NULL,1,6,1,1),(321,'2017-11-08 16:10:14','/gn_tdoc/desc','g-ginfo.local','127.0.0.1','{\"authenticity_token\"=>\"r3vtPyjLLLkX3pLoku6byXnkTGtDDoAm/q3wA7CE73xnCLaTvJMNAUlD8fZtmhsYp5S1/KniAKhxP159xP+n6A==\", \"form\"=>{\"val\"=>\"cedula de ciudadania\", \"id\"=>\"1\"}, \"tdo_desc\"=>\"cedula de ciudadania\", \"controller\"=>\"gn_tdoc\", \"action\"=>\"check_desc\"}',NULL,NULL,1,6,1,1),(322,'2017-11-08 16:11:26','/gn_tdoc/save','g-ginfo.local','127.0.0.1','{\"utf8\"=>\"✓\", \"authenticity_token\"=>\"3TMW1YkaYR142rhN65QFamLflKIZC+a6D6ESGkfpXPVoSkD7TX/Os3A2LR9RDFq+kVx/fYwbEJywJ1Z9eY7rNg==\", \"tdo_cont\"=>\"1\", \"tdo_desc\"=>\"cedula de ciudadania\", \"commit\"=>\"Guardar\", \"controller\"=>\"gn_tdoc\", \"action\"=>\"save\"}',NULL,NULL,1,6,1,1),(323,'2017-11-08 16:11:26','/gn_tdoc/save','g-ginfo.local','127.0.0.1','{\"utf8\"=>\"✓\", \"authenticity_token\"=>\"3TMW1YkaYR142rhN65QFamLflKIZC+a6D6ESGkfpXPVoSkD7TX/Os3A2LR9RDFq+kVx/fYwbEJywJ1Z9eY7rNg==\", \"tdo_cont\"=>\"1\", \"tdo_desc\"=>\"cedula de ciudadania\", \"commit\"=>\"Guardar\", \"controller\"=>\"gn_tdoc\", \"action\"=>\"save\"}','{\"tdo_cont\"=>1, \"tdo_desc\"=>\"cedula de ciudadania\"}','{\"tdo_desc\"=>\"cedula de ciudadania\", \"tdo_cont\"=>1}',1,4,1,1),(324,'2017-11-08 16:11:26','/gn_tdoc','g-ginfo.local','127.0.0.1','{\"controller\"=>\"gn_tdoc\", \"action\"=>\"index\"}',NULL,NULL,2,6,1,1),(325,'2017-11-08 16:11:30','/gn_tdoc/show','g-ginfo.local','127.0.0.1','{\"authenticity_token\"=>\"mfZbvkVuE/oAMPj3B//g+dXFo7wMqb+xD4gYn9xxJZNRhQAS0TYyQl6tm+n4i2AoC7VaK+ZFPz+AGrbhqAptBw==\", \"form\"=>{\"id\"=>\"1\"}, \"controller\"=>\"gn_tdoc\", \"action\"=>\"show\"}',NULL,NULL,1,6,1,1),(326,'2017-11-08 16:11:30','/gn_tdoc/show','g-ginfo.local','127.0.0.1','{\"authenticity_token\"=>\"mfZbvkVuE/oAMPj3B//g+dXFo7wMqb+xD4gYn9xxJZNRhQAS0TYyQl6tm+n4i2AoC7VaK+ZFPz+AGrbhqAptBw==\", \"form\"=>{\"id\"=>\"1\"}, \"controller\"=>\"gn_tdoc\", \"action\"=>\"show\"}',NULL,NULL,1,6,1,1),(327,'2017-11-08 16:11:32','/gn_tdoc/desc','g-ginfo.local','127.0.0.1','{\"authenticity_token\"=>\"mfZbvkVuE/oAMPj3B//g+dXFo7wMqb+xD4gYn9xxJZNRhQAS0TYyQl6tm+n4i2AoC7VaK+ZFPz+AGrbhqAptBw==\", \"form\"=>{\"val\"=>\"cedula de ciudadania1\", \"id\"=>\"1\"}, \"tdo_desc\"=>\"cedula de ciudadania1\", \"controller\"=>\"gn_tdoc\", \"action\"=>\"check_desc\"}',NULL,NULL,1,6,1,1),(328,'2017-11-08 16:11:32','/gn_tdoc/save','g-ginfo.local','127.0.0.1','{\"utf8\"=>\"✓\", \"authenticity_token\"=>\"PwTW+QJRg1BLXB5xRuEvWMSwIY6XWDx548DJdXbHIs+KfYDXxjQs/kOwiyP8eXCMNzPKUQJIyl9cRo0SSKCVDA==\", \"tdo_cont\"=>\"1\", \"tdo_desc\"=>\"cedula de ciudadania1\", \"commit\"=>\"Guardar\", \"controller\"=>\"gn_tdoc\", \"action\"=>\"save\"}',NULL,NULL,1,6,1,1),(329,'2017-11-08 16:11:33','/gn_tdoc/save','g-ginfo.local','127.0.0.1','{\"utf8\"=>\"✓\", \"authenticity_token\"=>\"PwTW+QJRg1BLXB5xRuEvWMSwIY6XWDx548DJdXbHIs+KfYDXxjQs/kOwiyP8eXCMNzPKUQJIyl9cRo0SSKCVDA==\", \"tdo_cont\"=>\"1\", \"tdo_desc\"=>\"cedula de ciudadania1\", \"commit\"=>\"Guardar\", \"controller\"=>\"gn_tdoc\", \"action\"=>\"save\"}','{\"tdo_cont\"=>1, \"tdo_desc\"=>\"cedula de ciudadania\"}','{\"tdo_desc\"=>\"cedula de ciudadania1\", \"tdo_cont\"=>1}',1,4,1,1),(330,'2017-11-08 16:11:33','/gn_tdoc','g-ginfo.local','127.0.0.1','{\"controller\"=>\"gn_tdoc\", \"action\"=>\"index\"}',NULL,NULL,2,6,1,1),(331,'2017-11-08 16:11:34','/gn_tdoc/show','g-ginfo.local','127.0.0.1','{\"authenticity_token\"=>\"+O9T7U9z4HugPqj+7x8krYkqrRz1M/db/4ZXae0I0tkwnAhB2yvBw/6jy+AQa6R8V1pUix/fd9VwFPkXmXOaTQ==\", \"form\"=>{\"id\"=>\"1\"}, \"controller\"=>\"gn_tdoc\", \"action\"=>\"show\"}',NULL,NULL,1,6,1,1),(332,'2017-11-08 16:11:34','/gn_tdoc/show','g-ginfo.local','127.0.0.1','{\"authenticity_token\"=>\"+O9T7U9z4HugPqj+7x8krYkqrRz1M/db/4ZXae0I0tkwnAhB2yvBw/6jy+AQa6R8V1pUix/fd9VwFPkXmXOaTQ==\", \"form\"=>{\"id\"=>\"1\"}, \"controller\"=>\"gn_tdoc\", \"action\"=>\"show\"}',NULL,NULL,1,6,1,1),(333,'2017-11-08 16:11:35','/gn_tdoc/desc','g-ginfo.local','127.0.0.1','{\"authenticity_token\"=>\"+O9T7U9z4HugPqj+7x8krYkqrRz1M/db/4ZXae0I0tkwnAhB2yvBw/6jy+AQa6R8V1pUix/fd9VwFPkXmXOaTQ==\", \"form\"=>{\"val\"=>\"cedula de ciudadania\", \"id\"=>\"1\"}, \"tdo_desc\"=>\"cedula de ciudadania\", \"controller\"=>\"gn_tdoc\", \"action\"=>\"check_desc\"}',NULL,NULL,1,6,1,1),(334,'2017-11-08 16:11:37','/gn_tdoc/save','g-ginfo.local','127.0.0.1','{\"utf8\"=>\"✓\", \"authenticity_token\"=>\"7oXGhKCfj3BnI/7m7vdWJg1grr9Q0Lhb/PJD50/GMvdb/JCqZPog3m/Pa7RUbwny/uNFYMXATn1DdAeAcaGFNA==\", \"tdo_cont\"=>\"1\", \"tdo_desc\"=>\"cedula de ciudadania\", \"commit\"=>\"Guardar\", \"controller\"=>\"gn_tdoc\", \"action\"=>\"save\"}',NULL,NULL,1,6,1,1),(335,'2017-11-08 16:11:37','/gn_tdoc/save','g-ginfo.local','127.0.0.1','{\"utf8\"=>\"✓\", \"authenticity_token\"=>\"7oXGhKCfj3BnI/7m7vdWJg1grr9Q0Lhb/PJD50/GMvdb/JCqZPog3m/Pa7RUbwny/uNFYMXATn1DdAeAcaGFNA==\", \"tdo_cont\"=>\"1\", \"tdo_desc\"=>\"cedula de ciudadania\", \"commit\"=>\"Guardar\", \"controller\"=>\"gn_tdoc\", \"action\"=>\"save\"}','{\"tdo_cont\"=>1, \"tdo_desc\"=>\"cedula de ciudadania1\"}','{\"tdo_desc\"=>\"cedula de ciudadania\", \"tdo_cont\"=>1}',1,4,1,1),(336,'2017-11-08 16:11:37','/gn_tdoc','g-ginfo.local','127.0.0.1','{\"controller\"=>\"gn_tdoc\", \"action\"=>\"index\"}',NULL,NULL,2,6,1,1),(337,'2017-11-08 16:11:42','/gn_tusu','g-ginfo.local','127.0.0.1','{\"controller\"=>\"gn_tusu\", \"action\"=>\"index\"}',NULL,NULL,2,6,1,1),(338,'2017-11-08 16:11:44','/au_crud','g-ginfo.local','127.0.0.1','{\"controller\"=>\"au_crud\", \"action\"=>\"index\"}',NULL,NULL,2,6,1,1),(339,'2017-11-08 16:11:50','/gn_terc','g-ginfo.local','127.0.0.1','{\"controller\"=>\"gn_terc\", \"action\"=>\"index\"}',NULL,NULL,2,6,1,1),(340,'2017-11-08 16:11:52','/home','g-ginfo.local','127.0.0.1','{\"controller\"=>\"home\", \"action\"=>\"index\"}',NULL,'{\"controller\"=>\"home\", \"action\"=>\"index\"}',2,6,1,1),(341,'2017-11-08 16:13:29','/logout','g-ginfo.local','127.0.0.1','{\"controller\"=>\"login\", \"action\"=>\"logout\"}',NULL,'Cerrar sesión',2,5,1,1),(342,'2017-11-08 16:13:29','/login','g-ginfo.local','127.0.0.1','{\"controller\"=>\"login\", \"action\"=>\"index\"}',NULL,NULL,2,6,NULL,1),(343,'2017-11-08 16:13:37','/login/auth','g-ginfo.local','127.0.0.1','{\"utf8\"=>\"✓\", \"authenticity_token\"=>\"G7tpVBk9X8wCCD2gFqj8ShM5QHY1ErWs/JlAglDs1VGJKjAxI3nPNukycyWxa4rpz2NeBZJNDRVeDKRtjTZhEA==\", \"user\"=>\"camilo123\", \"pass\"=>\"[FILTERED]\", \"commit\"=>\"Iniciar Sesión\", \"controller\"=>\"login\", \"action\"=>\"auth\"}',NULL,'Iniciar sesión',1,3,2,0),(344,'2017-11-08 16:13:37','/login','g-ginfo.local','127.0.0.1','{\"controller\"=>\"login\", \"action\"=>\"index\"}',NULL,NULL,2,6,NULL,1),(345,'2017-11-08 16:13:44','/login/auth','g-ginfo.local','127.0.0.1','{\"utf8\"=>\"✓\", \"authenticity_token\"=>\"E5+tbmjqTjfU1qDJdtSrMOTnc9yyYvqbnZVaAtyISN+BDvQLUq7ezT/s7kzRF92TOL1trxU9QiI/AL7tAVL8ng==\", \"user\"=>\"camilo123\", \"pass\"=>\"[FILTERED]\", \"commit\"=>\"Iniciar Sesión\", \"controller\"=>\"login\", \"action\"=>\"auth\"}',NULL,'Iniciar sesión',1,3,2,1),(346,'2017-11-08 16:13:44','/home','g-ginfo.local','127.0.0.1','{\"controller\"=>\"home\", \"action\"=>\"index\"}',NULL,'{\"controller\"=>\"home\", \"action\"=>\"index\"}',2,6,2,1),(347,'2017-11-08 16:13:46','/logs/system','g-ginfo.local','127.0.0.1','{\"controller\"=>\"logs\", \"action\"=>\"system\"}',NULL,NULL,2,6,2,1),(348,'2017-11-08 16:13:51','/logs/system','g-ginfo.local','127.0.0.1','{\"page\"=>\"35\", \"controller\"=>\"logs\", \"action\"=>\"system\"}',NULL,NULL,2,6,2,1),(349,'2017-11-09 08:53:24','/gn_terc','g-ginfo.local','127.0.0.1','{\"controller\"=>\"gn_terc\", \"action\"=>\"index\"}',NULL,NULL,2,6,NULL,0),(350,'2017-11-09 08:53:28','/login','g-ginfo.local','127.0.0.1','{\"controller\"=>\"login\", \"action\"=>\"index\"}',NULL,NULL,2,6,NULL,1),(351,'2017-11-09 08:54:17','/login/auth','g-ginfo.local','127.0.0.1','{\"utf8\"=>\"✓\", \"authenticity_token\"=>\"cwNTwQlUrszbY0Jssw5oQPvGmu9+MNZmG1wz3GGdSO2X5t5N4eSOzDv3HqkHJKLD379y4k5ogDZRZCae4BSgxA==\", \"user\"=>\"japalacio0108\", \"pass\"=>\"[FILTERED]\", \"commit\"=>\"Iniciar Sesión\", \"controller\"=>\"login\", \"action\"=>\"auth\"}',NULL,'Iniciar sesión',1,3,1,1),(352,'2017-11-09 08:54:18','/home','g-ginfo.local','127.0.0.1','{\"controller\"=>\"home\", \"action\"=>\"index\"}',NULL,'{\"controller\"=>\"home\", \"action\"=>\"index\"}',2,6,1,1),(353,'2017-11-09 08:54:23','/gn_terc','g-ginfo.local','127.0.0.1','{\"controller\"=>\"gn_terc\", \"action\"=>\"index\"}',NULL,NULL,2,6,1,1),(354,'2017-11-09 08:54:33','/gn_terc/new','g-ginfo.local','127.0.0.1','{\"controller\"=>\"gn_terc\", \"action\"=>\"new\"}',NULL,NULL,2,6,1,1),(355,'2017-11-09 08:54:41','/gn_terc/document','g-ginfo.local','127.0.0.1','{\"authenticity_token\"=>\"o24l9ehlT8aeutU69mVEgrAsC6/Jsbpxu+06TxRlAfoydeTKvMpCX/6csau9JHLDz5oEW8Ue2cXGzqrAzCelZQ==\", \"form\"=>{\"val\"=>\"-1\", \"id\"=>\"\"}, \"ter_iden\"=>\"-1\", \"controller\"=>\"gn_terc\", \"action\"=>\"check_document\"}',NULL,NULL,1,6,1,1),(356,'2017-11-09 08:57:23','/gn_terc/new','g-ginfo.local','127.0.0.1','{\"controller\"=>\"gn_terc\", \"action\"=>\"new\"}',NULL,NULL,2,6,1,1),(357,'2017-11-09 08:57:27','/gn_terc/document','g-ginfo.local','127.0.0.1','{\"authenticity_token\"=>\"zDsBuIUZPBZ8AfYKVZGvLiCNJnK7SqyhpBJ+Id0zmFpdIMCH0bYxjxwnkpse0JlvXzsphrflzxXZMe6uBXE8xQ==\", \"form\"=>{\"val\"=>\"-1\", \"id\"=>\"\"}, \"ter_iden\"=>\"-1\", \"controller\"=>\"gn_terc\", \"action\"=>\"check_document\"}',NULL,NULL,1,6,1,1),(358,'2017-11-09 08:57:32','/gn_terc/document','g-ginfo.local','127.0.0.1','{\"authenticity_token\"=>\"zDsBuIUZPBZ8AfYKVZGvLiCNJnK7SqyhpBJ+Id0zmFpdIMCH0bYxjxwnkpse0JlvXzsphrflzxXZMe6uBXE8xQ==\", \"form\"=>{\"val\"=>\"-12\", \"id\"=>\"\"}, \"ter_iden\"=>\"-12\", \"controller\"=>\"gn_terc\", \"action\"=>\"check_document\"}',NULL,NULL,1,6,1,1),(359,'2017-11-09 08:57:33','/gn_terc/document','g-ginfo.local','127.0.0.1','{\"authenticity_token\"=>\"zDsBuIUZPBZ8AfYKVZGvLiCNJnK7SqyhpBJ+Id0zmFpdIMCH0bYxjxwnkpse0JlvXzsphrflzxXZMe6uBXE8xQ==\", \"form\"=>{\"val\"=>\"-1\", \"id\"=>\"\"}, \"ter_iden\"=>\"-1\", \"controller\"=>\"gn_terc\", \"action\"=>\"check_document\"}',NULL,NULL,1,6,1,1),(360,'2017-11-09 08:57:45','/gn_terc/document','g-ginfo.local','127.0.0.1','{\"authenticity_token\"=>\"zDsBuIUZPBZ8AfYKVZGvLiCNJnK7SqyhpBJ+Id0zmFpdIMCH0bYxjxwnkpse0JlvXzsphrflzxXZMe6uBXE8xQ==\", \"form\"=>{\"val\"=>\"1\", \"id\"=>\"\"}, \"ter_iden\"=>\"1\", \"controller\"=>\"gn_terc\", \"action\"=>\"check_document\"}',NULL,NULL,1,6,1,1),(361,'2017-11-09 08:57:45','/gn_terc/document','g-ginfo.local','127.0.0.1','{\"authenticity_token\"=>\"zDsBuIUZPBZ8AfYKVZGvLiCNJnK7SqyhpBJ+Id0zmFpdIMCH0bYxjxwnkpse0JlvXzsphrflzxXZMe6uBXE8xQ==\", \"form\"=>{\"val\"=>\"12\", \"id\"=>\"\"}, \"ter_iden\"=>\"12\", \"controller\"=>\"gn_terc\", \"action\"=>\"check_document\"}',NULL,NULL,1,6,1,1),(362,'2017-11-09 08:57:46','/gn_terc/document','g-ginfo.local','127.0.0.1','{\"authenticity_token\"=>\"zDsBuIUZPBZ8AfYKVZGvLiCNJnK7SqyhpBJ+Id0zmFpdIMCH0bYxjxwnkpse0JlvXzsphrflzxXZMe6uBXE8xQ==\", \"form\"=>{\"val\"=>\"123\", \"id\"=>\"\"}, \"ter_iden\"=>\"123\", \"controller\"=>\"gn_terc\", \"action\"=>\"check_document\"}',NULL,NULL,1,6,1,1),(363,'2017-11-09 08:57:47','/gn_terc/document','g-ginfo.local','127.0.0.1','{\"authenticity_token\"=>\"zDsBuIUZPBZ8AfYKVZGvLiCNJnK7SqyhpBJ+Id0zmFpdIMCH0bYxjxwnkpse0JlvXzsphrflzxXZMe6uBXE8xQ==\", \"form\"=>{\"val\"=>\"1234\", \"id\"=>\"\"}, \"ter_iden\"=>\"1234\", \"controller\"=>\"gn_terc\", \"action\"=>\"check_document\"}',NULL,NULL,1,6,1,1),(364,'2017-11-09 08:57:47','/gn_terc/document','g-ginfo.local','127.0.0.1','{\"authenticity_token\"=>\"zDsBuIUZPBZ8AfYKVZGvLiCNJnK7SqyhpBJ+Id0zmFpdIMCH0bYxjxwnkpse0JlvXzsphrflzxXZMe6uBXE8xQ==\", \"form\"=>{\"val\"=>\"12345\", \"id\"=>\"\"}, \"ter_iden\"=>\"12345\", \"controller\"=>\"gn_terc\", \"action\"=>\"check_document\"}',NULL,NULL,1,6,1,1),(365,'2017-11-09 08:57:47','/gn_terc/document','g-ginfo.local','127.0.0.1','{\"authenticity_token\"=>\"zDsBuIUZPBZ8AfYKVZGvLiCNJnK7SqyhpBJ+Id0zmFpdIMCH0bYxjxwnkpse0JlvXzsphrflzxXZMe6uBXE8xQ==\", \"form\"=>{\"val\"=>\"123456\", \"id\"=>\"\"}, \"ter_iden\"=>\"123456\", \"controller\"=>\"gn_terc\", \"action\"=>\"check_document\"}',NULL,NULL,1,6,1,1),(366,'2017-11-09 08:57:47','/gn_terc/document','g-ginfo.local','127.0.0.1','{\"authenticity_token\"=>\"zDsBuIUZPBZ8AfYKVZGvLiCNJnK7SqyhpBJ+Id0zmFpdIMCH0bYxjxwnkpse0JlvXzsphrflzxXZMe6uBXE8xQ==\", \"form\"=>{\"val\"=>\"1234567\", \"id\"=>\"\"}, \"ter_iden\"=>\"1234567\", \"controller\"=>\"gn_terc\", \"action\"=>\"check_document\"}',NULL,NULL,1,6,1,1),(367,'2017-11-09 08:57:48','/gn_terc/document','g-ginfo.local','127.0.0.1','{\"authenticity_token\"=>\"zDsBuIUZPBZ8AfYKVZGvLiCNJnK7SqyhpBJ+Id0zmFpdIMCH0bYxjxwnkpse0JlvXzsphrflzxXZMe6uBXE8xQ==\", \"form\"=>{\"val\"=>\"12345678\", \"id\"=>\"\"}, \"ter_iden\"=>\"12345678\", \"controller\"=>\"gn_terc\", \"action\"=>\"check_document\"}',NULL,NULL,1,6,1,1),(368,'2017-11-09 08:57:52','/gn_terc/document','g-ginfo.local','127.0.0.1','{\"authenticity_token\"=>\"zDsBuIUZPBZ8AfYKVZGvLiCNJnK7SqyhpBJ+Id0zmFpdIMCH0bYxjxwnkpse0JlvXzsphrflzxXZMe6uBXE8xQ==\", \"form\"=>{\"val\"=>\"123456788\", \"id\"=>\"\"}, \"ter_iden\"=>\"123456788\", \"controller\"=>\"gn_terc\", \"action\"=>\"check_document\"}',NULL,NULL,1,6,1,1),(369,'2017-11-09 08:57:53','/gn_terc/document','g-ginfo.local','127.0.0.1','{\"authenticity_token\"=>\"zDsBuIUZPBZ8AfYKVZGvLiCNJnK7SqyhpBJ+Id0zmFpdIMCH0bYxjxwnkpse0JlvXzsphrflzxXZMe6uBXE8xQ==\", \"form\"=>{\"val\"=>\"12345678\", \"id\"=>\"\"}, \"ter_iden\"=>\"12345678\", \"controller\"=>\"gn_terc\", \"action\"=>\"check_document\"}',NULL,NULL,1,6,1,1),(370,'2017-11-09 08:57:54','/gn_terc/document','g-ginfo.local','127.0.0.1','{\"authenticity_token\"=>\"zDsBuIUZPBZ8AfYKVZGvLiCNJnK7SqyhpBJ+Id0zmFpdIMCH0bYxjxwnkpse0JlvXzsphrflzxXZMe6uBXE8xQ==\", \"form\"=>{\"val\"=>\"123456789\", \"id\"=>\"\"}, \"ter_iden\"=>\"123456789\", \"controller\"=>\"gn_terc\", \"action\"=>\"check_document\"}',NULL,NULL,1,6,1,1),(371,'2017-11-09 08:57:55','/gn_terc/document','g-ginfo.local','127.0.0.1','{\"authenticity_token\"=>\"zDsBuIUZPBZ8AfYKVZGvLiCNJnK7SqyhpBJ+Id0zmFpdIMCH0bYxjxwnkpse0JlvXzsphrflzxXZMe6uBXE8xQ==\", \"form\"=>{\"val\"=>\"1234567891\", \"id\"=>\"\"}, \"ter_iden\"=>\"1234567891\", \"controller\"=>\"gn_terc\", \"action\"=>\"check_document\"}',NULL,NULL,1,6,1,1),(372,'2017-11-09 08:57:56','/gn_terc/document','g-ginfo.local','127.0.0.1','{\"authenticity_token\"=>\"zDsBuIUZPBZ8AfYKVZGvLiCNJnK7SqyhpBJ+Id0zmFpdIMCH0bYxjxwnkpse0JlvXzsphrflzxXZMe6uBXE8xQ==\", \"form\"=>{\"val\"=>\"12345678919\", \"id\"=>\"\"}, \"ter_iden\"=>\"12345678919\", \"controller\"=>\"gn_terc\", \"action\"=>\"check_document\"}',NULL,NULL,1,6,1,1),(373,'2017-11-09 08:58:53','/gn_terc/new','g-ginfo.local','127.0.0.1','{\"controller\"=>\"gn_terc\", \"action\"=>\"new\"}',NULL,NULL,2,6,1,1),(374,'2017-11-09 08:59:15','/gn_terc/document','g-ginfo.local','127.0.0.1','{\"authenticity_token\"=>\"N3cQh9JPyB7eFMgxZhNa9tedFcEVZDCtEjgat4i0zVSmbNG4huDFh74yrKAtUmy3qCsaNRnLUxlvG4o4UPZpyw==\", \"form\"=>{\"val\"=>\"1\", \"id\"=>\"\"}, \"ter_iden\"=>\"1\", \"controller\"=>\"gn_terc\", \"action\"=>\"check_document\"}',NULL,NULL,1,6,1,1),(375,'2017-11-09 08:59:18','/gn_terc/document','g-ginfo.local','127.0.0.1','{\"authenticity_token\"=>\"N3cQh9JPyB7eFMgxZhNa9tedFcEVZDCtEjgat4i0zVSmbNG4huDFh74yrKAtUmy3qCsaNRnLUxlvG4o4UPZpyw==\", \"form\"=>{\"val\"=>\"21\", \"id\"=>\"\"}, \"ter_iden\"=>\"21\", \"controller\"=>\"gn_terc\", \"action\"=>\"check_document\"}',NULL,NULL,1,6,1,1),(376,'2017-11-09 08:59:18','/gn_terc/document','g-ginfo.local','127.0.0.1','{\"authenticity_token\"=>\"N3cQh9JPyB7eFMgxZhNa9tedFcEVZDCtEjgat4i0zVSmbNG4huDFh74yrKAtUmy3qCsaNRnLUxlvG4o4UPZpyw==\", \"form\"=>{\"val\"=>\"213\", \"id\"=>\"\"}, \"ter_iden\"=>\"213\", \"controller\"=>\"gn_terc\", \"action\"=>\"check_document\"}',NULL,NULL,1,6,1,1),(377,'2017-11-09 08:59:19','/gn_terc/document','g-ginfo.local','127.0.0.1','{\"authenticity_token\"=>\"N3cQh9JPyB7eFMgxZhNa9tedFcEVZDCtEjgat4i0zVSmbNG4huDFh74yrKAtUmy3qCsaNRnLUxlvG4o4UPZpyw==\", \"form\"=>{\"val\"=>\"2134\", \"id\"=>\"\"}, \"ter_iden\"=>\"2134\", \"controller\"=>\"gn_terc\", \"action\"=>\"check_document\"}',NULL,NULL,1,6,1,1),(378,'2017-11-09 08:59:19','/gn_terc/document','g-ginfo.local','127.0.0.1','{\"authenticity_token\"=>\"N3cQh9JPyB7eFMgxZhNa9tedFcEVZDCtEjgat4i0zVSmbNG4huDFh74yrKAtUmy3qCsaNRnLUxlvG4o4UPZpyw==\", \"form\"=>{\"val\"=>\"21345\", \"id\"=>\"\"}, \"ter_iden\"=>\"21345\", \"controller\"=>\"gn_terc\", \"action\"=>\"check_document\"}',NULL,NULL,1,6,1,1),(379,'2017-11-09 08:59:19','/gn_terc/document','g-ginfo.local','127.0.0.1','{\"authenticity_token\"=>\"N3cQh9JPyB7eFMgxZhNa9tedFcEVZDCtEjgat4i0zVSmbNG4huDFh74yrKAtUmy3qCsaNRnLUxlvG4o4UPZpyw==\", \"form\"=>{\"val\"=>\"213456\", \"id\"=>\"\"}, \"ter_iden\"=>\"213456\", \"controller\"=>\"gn_terc\", \"action\"=>\"check_document\"}',NULL,NULL,1,6,1,1),(380,'2017-11-09 08:59:19','/gn_terc/document','g-ginfo.local','127.0.0.1','{\"authenticity_token\"=>\"N3cQh9JPyB7eFMgxZhNa9tedFcEVZDCtEjgat4i0zVSmbNG4huDFh74yrKAtUmy3qCsaNRnLUxlvG4o4UPZpyw==\", \"form\"=>{\"val\"=>\"2134567\", \"id\"=>\"\"}, \"ter_iden\"=>\"2134567\", \"controller\"=>\"gn_terc\", \"action\"=>\"check_document\"}',NULL,NULL,1,6,1,1),(381,'2017-11-09 08:59:20','/gn_terc/document','g-ginfo.local','127.0.0.1','{\"authenticity_token\"=>\"N3cQh9JPyB7eFMgxZhNa9tedFcEVZDCtEjgat4i0zVSmbNG4huDFh74yrKAtUmy3qCsaNRnLUxlvG4o4UPZpyw==\", \"form\"=>{\"val\"=>\"21345678\", \"id\"=>\"\"}, \"ter_iden\"=>\"21345678\", \"controller\"=>\"gn_terc\", \"action\"=>\"check_document\"}',NULL,NULL,1,6,1,1),(382,'2017-11-09 08:59:20','/gn_terc/document','g-ginfo.local','127.0.0.1','{\"authenticity_token\"=>\"N3cQh9JPyB7eFMgxZhNa9tedFcEVZDCtEjgat4i0zVSmbNG4huDFh74yrKAtUmy3qCsaNRnLUxlvG4o4UPZpyw==\", \"form\"=>{\"val\"=>\"213456789\", \"id\"=>\"\"}, \"ter_iden\"=>\"213456789\", \"controller\"=>\"gn_terc\", \"action\"=>\"check_document\"}',NULL,NULL,1,6,1,1),(383,'2017-11-09 08:59:22','/gn_terc/document','g-ginfo.local','127.0.0.1','{\"authenticity_token\"=>\"N3cQh9JPyB7eFMgxZhNa9tedFcEVZDCtEjgat4i0zVSmbNG4huDFh74yrKAtUmy3qCsaNRnLUxlvG4o4UPZpyw==\", \"form\"=>{\"val\"=>\"-1\", \"id\"=>\"\"}, \"ter_iden\"=>\"-1\", \"controller\"=>\"gn_terc\", \"action\"=>\"check_document\"}',NULL,NULL,1,6,1,1),(384,'2017-11-09 08:59:33','/gn_terc/new','g-ginfo.local','127.0.0.1','{\"controller\"=>\"gn_terc\", \"action\"=>\"new\"}',NULL,NULL,2,6,1,1),(385,'2017-11-09 08:59:36','/gn_terc/document','g-ginfo.local','127.0.0.1','{\"authenticity_token\"=>\"FM2QU/iT0XioXbS2OulCpJh2o7eSB8cHyrqbBSmSetOF1lFsrDzc4ch70CdxqHTl58CsQ56opLO3mQuK8dDeTA==\", \"form\"=>{\"val\"=>\"-1\", \"id\"=>\"\"}, \"ter_iden\"=>\"-1\", \"controller\"=>\"gn_terc\", \"action\"=>\"check_document\"}',NULL,NULL,1,6,1,1),(386,'2017-11-09 08:59:39','/gn_terc/document','g-ginfo.local','127.0.0.1','{\"authenticity_token\"=>\"FM2QU/iT0XioXbS2OulCpJh2o7eSB8cHyrqbBSmSetOF1lFsrDzc4ch70CdxqHTl58CsQ56opLO3mQuK8dDeTA==\", \"form\"=>{\"val\"=>\"-1\", \"id\"=>\"\"}, \"ter_iden\"=>\"-1\", \"controller\"=>\"gn_terc\", \"action\"=>\"check_document\"}',NULL,NULL,1,6,1,1),(387,'2017-11-09 08:59:43','/gn_terc/document','g-ginfo.local','127.0.0.1','{\"authenticity_token\"=>\"FM2QU/iT0XioXbS2OulCpJh2o7eSB8cHyrqbBSmSetOF1lFsrDzc4ch70CdxqHTl58CsQ56opLO3mQuK8dDeTA==\", \"form\"=>{\"val\"=>\"-12\", \"id\"=>\"\"}, \"ter_iden\"=>\"-12\", \"controller\"=>\"gn_terc\", \"action\"=>\"check_document\"}',NULL,NULL,1,6,1,1),(388,'2017-11-09 08:59:43','/gn_terc/document','g-ginfo.local','127.0.0.1','{\"authenticity_token\"=>\"FM2QU/iT0XioXbS2OulCpJh2o7eSB8cHyrqbBSmSetOF1lFsrDzc4ch70CdxqHTl58CsQ56opLO3mQuK8dDeTA==\", \"form\"=>{\"val\"=>\"-123\", \"id\"=>\"\"}, \"ter_iden\"=>\"-123\", \"controller\"=>\"gn_terc\", \"action\"=>\"check_document\"}',NULL,NULL,1,6,1,1),(389,'2017-11-09 08:59:44','/gn_terc/document','g-ginfo.local','127.0.0.1','{\"authenticity_token\"=>\"FM2QU/iT0XioXbS2OulCpJh2o7eSB8cHyrqbBSmSetOF1lFsrDzc4ch70CdxqHTl58CsQ56opLO3mQuK8dDeTA==\", \"form\"=>{\"val\"=>\"-1234\", \"id\"=>\"\"}, \"ter_iden\"=>\"-1234\", \"controller\"=>\"gn_terc\", \"action\"=>\"check_document\"}',NULL,NULL,1,6,1,1),(390,'2017-11-09 08:59:44','/gn_terc/document','g-ginfo.local','127.0.0.1','{\"authenticity_token\"=>\"FM2QU/iT0XioXbS2OulCpJh2o7eSB8cHyrqbBSmSetOF1lFsrDzc4ch70CdxqHTl58CsQ56opLO3mQuK8dDeTA==\", \"form\"=>{\"val\"=>\"-12345\", \"id\"=>\"\"}, \"ter_iden\"=>\"-12345\", \"controller\"=>\"gn_terc\", \"action\"=>\"check_document\"}',NULL,NULL,1,6,1,1),(391,'2017-11-09 08:59:44','/gn_terc/document','g-ginfo.local','127.0.0.1','{\"authenticity_token\"=>\"FM2QU/iT0XioXbS2OulCpJh2o7eSB8cHyrqbBSmSetOF1lFsrDzc4ch70CdxqHTl58CsQ56opLO3mQuK8dDeTA==\", \"form\"=>{\"val\"=>\"-123456\", \"id\"=>\"\"}, \"ter_iden\"=>\"-123456\", \"controller\"=>\"gn_terc\", \"action\"=>\"check_document\"}',NULL,NULL,1,6,1,1),(392,'2017-11-09 08:59:44','/gn_terc/document','g-ginfo.local','127.0.0.1','{\"authenticity_token\"=>\"FM2QU/iT0XioXbS2OulCpJh2o7eSB8cHyrqbBSmSetOF1lFsrDzc4ch70CdxqHTl58CsQ56opLO3mQuK8dDeTA==\", \"form\"=>{\"val\"=>\"-1234567\", \"id\"=>\"\"}, \"ter_iden\"=>\"-1234567\", \"controller\"=>\"gn_terc\", \"action\"=>\"check_document\"}',NULL,NULL,1,6,1,1),(393,'2017-11-09 08:59:44','/gn_terc/document','g-ginfo.local','127.0.0.1','{\"authenticity_token\"=>\"FM2QU/iT0XioXbS2OulCpJh2o7eSB8cHyrqbBSmSetOF1lFsrDzc4ch70CdxqHTl58CsQ56opLO3mQuK8dDeTA==\", \"form\"=>{\"val\"=>\"-12345678\", \"id\"=>\"\"}, \"ter_iden\"=>\"-12345678\", \"controller\"=>\"gn_terc\", \"action\"=>\"check_document\"}',NULL,NULL,1,6,1,1),(394,'2017-11-09 08:59:46','/gn_terc/document','g-ginfo.local','127.0.0.1','{\"authenticity_token\"=>\"FM2QU/iT0XioXbS2OulCpJh2o7eSB8cHyrqbBSmSetOF1lFsrDzc4ch70CdxqHTl58CsQ56opLO3mQuK8dDeTA==\", \"form\"=>{\"val\"=>\"-12345677\", \"id\"=>\"\"}, \"ter_iden\"=>\"-12345677\", \"controller\"=>\"gn_terc\", \"action\"=>\"check_document\"}',NULL,NULL,1,6,1,1),(395,'2017-11-09 08:59:47','/gn_terc/document','g-ginfo.local','127.0.0.1','{\"authenticity_token\"=>\"FM2QU/iT0XioXbS2OulCpJh2o7eSB8cHyrqbBSmSetOF1lFsrDzc4ch70CdxqHTl58CsQ56opLO3mQuK8dDeTA==\", \"form\"=>{\"val\"=>\"-1234567\", \"id\"=>\"\"}, \"ter_iden\"=>\"-1234567\", \"controller\"=>\"gn_terc\", \"action\"=>\"check_document\"}',NULL,NULL,1,6,1,1),(396,'2017-11-09 08:59:47','/gn_terc/document','g-ginfo.local','127.0.0.1','{\"authenticity_token\"=>\"FM2QU/iT0XioXbS2OulCpJh2o7eSB8cHyrqbBSmSetOF1lFsrDzc4ch70CdxqHTl58CsQ56opLO3mQuK8dDeTA==\", \"form\"=>{\"val\"=>\"-123456\", \"id\"=>\"\"}, \"ter_iden\"=>\"-123456\", \"controller\"=>\"gn_terc\", \"action\"=>\"check_document\"}',NULL,NULL,1,6,1,1),(397,'2017-11-09 08:59:48','/gn_terc/document','g-ginfo.local','127.0.0.1','{\"authenticity_token\"=>\"FM2QU/iT0XioXbS2OulCpJh2o7eSB8cHyrqbBSmSetOF1lFsrDzc4ch70CdxqHTl58CsQ56opLO3mQuK8dDeTA==\", \"form\"=>{\"val\"=>\"-12345\", \"id\"=>\"\"}, \"ter_iden\"=>\"-12345\", \"controller\"=>\"gn_terc\", \"action\"=>\"check_document\"}',NULL,NULL,1,6,1,1),(398,'2017-11-09 08:59:48','/gn_terc/document','g-ginfo.local','127.0.0.1','{\"authenticity_token\"=>\"FM2QU/iT0XioXbS2OulCpJh2o7eSB8cHyrqbBSmSetOF1lFsrDzc4ch70CdxqHTl58CsQ56opLO3mQuK8dDeTA==\", \"form\"=>{\"val\"=>\"-1234\", \"id\"=>\"\"}, \"ter_iden\"=>\"-1234\", \"controller\"=>\"gn_terc\", \"action\"=>\"check_document\"}',NULL,NULL,1,6,1,1),(399,'2017-11-09 08:59:48','/gn_terc/document','g-ginfo.local','127.0.0.1','{\"authenticity_token\"=>\"FM2QU/iT0XioXbS2OulCpJh2o7eSB8cHyrqbBSmSetOF1lFsrDzc4ch70CdxqHTl58CsQ56opLO3mQuK8dDeTA==\", \"form\"=>{\"val\"=>\"-123\", \"id\"=>\"\"}, \"ter_iden\"=>\"-123\", \"controller\"=>\"gn_terc\", \"action\"=>\"check_document\"}',NULL,NULL,1,6,1,1),(400,'2017-11-09 08:59:48','/gn_terc/document','g-ginfo.local','127.0.0.1','{\"authenticity_token\"=>\"FM2QU/iT0XioXbS2OulCpJh2o7eSB8cHyrqbBSmSetOF1lFsrDzc4ch70CdxqHTl58CsQ56opLO3mQuK8dDeTA==\", \"form\"=>{\"val\"=>\"-12\", \"id\"=>\"\"}, \"ter_iden\"=>\"-12\", \"controller\"=>\"gn_terc\", \"action\"=>\"check_document\"}',NULL,NULL,1,6,1,1),(401,'2017-11-09 08:59:48','/gn_terc/document','g-ginfo.local','127.0.0.1','{\"authenticity_token\"=>\"FM2QU/iT0XioXbS2OulCpJh2o7eSB8cHyrqbBSmSetOF1lFsrDzc4ch70CdxqHTl58CsQ56opLO3mQuK8dDeTA==\", \"form\"=>{\"val\"=>\"-1\", \"id\"=>\"\"}, \"ter_iden\"=>\"-1\", \"controller\"=>\"gn_terc\", \"action\"=>\"check_document\"}',NULL,NULL,1,6,1,1),(402,'2017-11-09 08:59:50','/gn_terc/document','g-ginfo.local','127.0.0.1','{\"authenticity_token\"=>\"FM2QU/iT0XioXbS2OulCpJh2o7eSB8cHyrqbBSmSetOF1lFsrDzc4ch70CdxqHTl58CsQ56opLO3mQuK8dDeTA==\", \"form\"=>{\"val\"=>\"-1\", \"id\"=>\"\"}, \"ter_iden\"=>\"-1\", \"controller\"=>\"gn_terc\", \"action\"=>\"check_document\"}',NULL,NULL,1,6,1,1),(403,'2017-11-09 08:59:50','/gn_terc/document','g-ginfo.local','127.0.0.1','{\"authenticity_token\"=>\"FM2QU/iT0XioXbS2OulCpJh2o7eSB8cHyrqbBSmSetOF1lFsrDzc4ch70CdxqHTl58CsQ56opLO3mQuK8dDeTA==\", \"form\"=>{\"val\"=>\"-2\", \"id\"=>\"\"}, \"ter_iden\"=>\"-2\", \"controller\"=>\"gn_terc\", \"action\"=>\"check_document\"}',NULL,NULL,1,6,1,1),(404,'2017-11-09 08:59:51','/gn_terc/document','g-ginfo.local','127.0.0.1','{\"authenticity_token\"=>\"FM2QU/iT0XioXbS2OulCpJh2o7eSB8cHyrqbBSmSetOF1lFsrDzc4ch70CdxqHTl58CsQ56opLO3mQuK8dDeTA==\", \"form\"=>{\"val\"=>\"-3\", \"id\"=>\"\"}, \"ter_iden\"=>\"-3\", \"controller\"=>\"gn_terc\", \"action\"=>\"check_document\"}',NULL,NULL,1,6,1,1),(405,'2017-11-09 08:59:57','/gn_terc/document','g-ginfo.local','127.0.0.1','{\"authenticity_token\"=>\"FM2QU/iT0XioXbS2OulCpJh2o7eSB8cHyrqbBSmSetOF1lFsrDzc4ch70CdxqHTl58CsQ56opLO3mQuK8dDeTA==\", \"form\"=>{\"val\"=>\"1\", \"id\"=>\"\"}, \"ter_iden\"=>\"1\", \"controller\"=>\"gn_terc\", \"action\"=>\"check_document\"}',NULL,NULL,1,6,1,1),(406,'2017-11-09 08:59:57','/gn_terc/document','g-ginfo.local','127.0.0.1','{\"authenticity_token\"=>\"FM2QU/iT0XioXbS2OulCpJh2o7eSB8cHyrqbBSmSetOF1lFsrDzc4ch70CdxqHTl58CsQ56opLO3mQuK8dDeTA==\", \"form\"=>{\"val\"=>\"12\", \"id\"=>\"\"}, \"ter_iden\"=>\"12\", \"controller\"=>\"gn_terc\", \"action\"=>\"check_document\"}',NULL,NULL,1,6,1,1),(407,'2017-11-09 08:59:57','/gn_terc/document','g-ginfo.local','127.0.0.1','{\"authenticity_token\"=>\"FM2QU/iT0XioXbS2OulCpJh2o7eSB8cHyrqbBSmSetOF1lFsrDzc4ch70CdxqHTl58CsQ56opLO3mQuK8dDeTA==\", \"form\"=>{\"val\"=>\"123\", \"id\"=>\"\"}, \"ter_iden\"=>\"123\", \"controller\"=>\"gn_terc\", \"action\"=>\"check_document\"}',NULL,NULL,1,6,1,1),(408,'2017-11-09 08:59:57','/gn_terc/document','g-ginfo.local','127.0.0.1','{\"authenticity_token\"=>\"FM2QU/iT0XioXbS2OulCpJh2o7eSB8cHyrqbBSmSetOF1lFsrDzc4ch70CdxqHTl58CsQ56opLO3mQuK8dDeTA==\", \"form\"=>{\"val\"=>\"1234\", \"id\"=>\"\"}, \"ter_iden\"=>\"1234\", \"controller\"=>\"gn_terc\", \"action\"=>\"check_document\"}',NULL,NULL,1,6,1,1),(409,'2017-11-09 08:59:58','/gn_terc/document','g-ginfo.local','127.0.0.1','{\"authenticity_token\"=>\"FM2QU/iT0XioXbS2OulCpJh2o7eSB8cHyrqbBSmSetOF1lFsrDzc4ch70CdxqHTl58CsQ56opLO3mQuK8dDeTA==\", \"form\"=>{\"val\"=>\"12345\", \"id\"=>\"\"}, \"ter_iden\"=>\"12345\", \"controller\"=>\"gn_terc\", \"action\"=>\"check_document\"}',NULL,NULL,1,6,1,1),(410,'2017-11-09 08:59:58','/gn_terc/document','g-ginfo.local','127.0.0.1','{\"authenticity_token\"=>\"FM2QU/iT0XioXbS2OulCpJh2o7eSB8cHyrqbBSmSetOF1lFsrDzc4ch70CdxqHTl58CsQ56opLO3mQuK8dDeTA==\", \"form\"=>{\"val\"=>\"123456\", \"id\"=>\"\"}, \"ter_iden\"=>\"123456\", \"controller\"=>\"gn_terc\", \"action\"=>\"check_document\"}',NULL,NULL,1,6,1,1),(411,'2017-11-09 08:59:58','/gn_terc/document','g-ginfo.local','127.0.0.1','{\"authenticity_token\"=>\"FM2QU/iT0XioXbS2OulCpJh2o7eSB8cHyrqbBSmSetOF1lFsrDzc4ch70CdxqHTl58CsQ56opLO3mQuK8dDeTA==\", \"form\"=>{\"val\"=>\"1234567\", \"id\"=>\"\"}, \"ter_iden\"=>\"1234567\", \"controller\"=>\"gn_terc\", \"action\"=>\"check_document\"}',NULL,NULL,1,6,1,1),(412,'2017-11-09 08:59:58','/gn_terc/document','g-ginfo.local','127.0.0.1','{\"authenticity_token\"=>\"FM2QU/iT0XioXbS2OulCpJh2o7eSB8cHyrqbBSmSetOF1lFsrDzc4ch70CdxqHTl58CsQ56opLO3mQuK8dDeTA==\", \"form\"=>{\"val\"=>\"12345678\", \"id\"=>\"\"}, \"ter_iden\"=>\"12345678\", \"controller\"=>\"gn_terc\", \"action\"=>\"check_document\"}',NULL,NULL,1,6,1,1),(413,'2017-11-09 09:00:00','/gn_terc/document','g-ginfo.local','127.0.0.1','{\"authenticity_token\"=>\"FM2QU/iT0XioXbS2OulCpJh2o7eSB8cHyrqbBSmSetOF1lFsrDzc4ch70CdxqHTl58CsQ56opLO3mQuK8dDeTA==\", \"form\"=>{\"val\"=>\"123456789\", \"id\"=>\"\"}, \"ter_iden\"=>\"123456789\", \"controller\"=>\"gn_terc\", \"action\"=>\"check_document\"}',NULL,NULL,1,6,1,1);
/*!40000 ALTER TABLE `au_dbau` ENABLE KEYS */;
UNLOCK TABLES;

--
-- Table structure for table `gn_tdoc`
--

DROP TABLE IF EXISTS `gn_tdoc`;
/*!40101 SET @saved_cs_client     = @@character_set_client */;
/*!40101 SET character_set_client = utf8 */;
CREATE TABLE `gn_tdoc` (
  `tdo_cont` int(11) NOT NULL AUTO_INCREMENT,
  `tdo_desc` varchar(45) NOT NULL,
  PRIMARY KEY (`tdo_cont`)
) ENGINE=InnoDB AUTO_INCREMENT=4 DEFAULT CHARSET=utf8;
/*!40101 SET character_set_client = @saved_cs_client */;

--
-- Dumping data for table `gn_tdoc`
--

LOCK TABLES `gn_tdoc` WRITE;
/*!40000 ALTER TABLE `gn_tdoc` DISABLE KEYS */;
INSERT INTO `gn_tdoc` VALUES (1,'cedula de ciudadania'),(2,'cedula de extranjeria'),(3,'tarjeta de identidad');
/*!40000 ALTER TABLE `gn_tdoc` ENABLE KEYS */;
UNLOCK TABLES;

--
-- Table structure for table `gn_terc`
--

DROP TABLE IF EXISTS `gn_terc`;
/*!40101 SET @saved_cs_client     = @@character_set_client */;
/*!40101 SET character_set_client = utf8 */;
CREATE TABLE `gn_terc` (
  `ter_cont` int(11) NOT NULL AUTO_INCREMENT,
  `ter_iden` bigint(20) NOT NULL,
  `ter_pnom` varchar(45) NOT NULL,
  `ter_snom` varchar(45) NOT NULL,
  `ter_pape` varchar(45) NOT NULL,
  `ter_sape` varchar(45) NOT NULL,
  `tdo_cont` int(11) NOT NULL,
  `ter_usua` varchar(45) NOT NULL,
  `ter_pass` varchar(255) NOT NULL,
  `ter_acti` tinyint(1) NOT NULL,
  `tus_cont` int(11) NOT NULL,
  `ter_onli` tinyint(1) NOT NULL,
  `ter_inte` int(11) DEFAULT '0',
  PRIMARY KEY (`ter_cont`),
  KEY `fk_gn_terc_gn_tdoc_idx` (`tdo_cont`),
  KEY `fk_gn_terc_gn_tusu1_idx` (`tus_cont`),
  CONSTRAINT `fk_gn_terc_gn_tdoc` FOREIGN KEY (`tdo_cont`) REFERENCES `gn_tdoc` (`tdo_cont`) ON DELETE NO ACTION ON UPDATE NO ACTION,
  CONSTRAINT `fk_gn_terc_gn_tusu1` FOREIGN KEY (`tus_cont`) REFERENCES `gn_tusu` (`tus_cont`) ON DELETE NO ACTION ON UPDATE NO ACTION
) ENGINE=InnoDB AUTO_INCREMENT=3 DEFAULT CHARSET=utf8;
/*!40101 SET character_set_client = @saved_cs_client */;

--
-- Dumping data for table `gn_terc`
--

LOCK TABLES `gn_terc` WRITE;
/*!40000 ALTER TABLE `gn_terc` DISABLE KEYS */;
INSERT INTO `gn_terc` VALUES (1,1070615270,'jeyson','anibal','palacio','palma',1,'japalacio0108','7c222fb2927d828af22f592134e8932480637c0d',1,1,1,0),(2,12345678,'camilo','andres','lopez','urquijo',1,'camilo123','7c222fb2927d828af22f592134e8932480637c0d',1,2,1,0);
/*!40000 ALTER TABLE `gn_terc` ENABLE KEYS */;
UNLOCK TABLES;

--
-- Table structure for table `gn_tusu`
--

DROP TABLE IF EXISTS `gn_tusu`;
/*!40101 SET @saved_cs_client     = @@character_set_client */;
/*!40101 SET character_set_client = utf8 */;
CREATE TABLE `gn_tusu` (
  `tus_cont` int(11) NOT NULL AUTO_INCREMENT,
  `tus_desc` varchar(45) NOT NULL,
  PRIMARY KEY (`tus_cont`)
) ENGINE=InnoDB AUTO_INCREMENT=4 DEFAULT CHARSET=utf8;
/*!40101 SET character_set_client = @saved_cs_client */;

--
-- Dumping data for table `gn_tusu`
--

LOCK TABLES `gn_tusu` WRITE;
/*!40000 ALTER TABLE `gn_tusu` DISABLE KEYS */;
INSERT INTO `gn_tusu` VALUES (1,'administrador'),(2,'auditor'),(3,'usuario');
/*!40000 ALTER TABLE `gn_tusu` ENABLE KEYS */;
UNLOCK TABLES;

--
-- Table structure for table `re_prue`
--

DROP TABLE IF EXISTS `re_prue`;
/*!40101 SET @saved_cs_client     = @@character_set_client */;
/*!40101 SET character_set_client = utf8 */;
CREATE TABLE `re_prue` (
  `pru_cont` int(11) NOT NULL AUTO_INCREMENT,
  `pru_desc` varchar(45) NOT NULL,
  `pru_date` date NOT NULL,
  `pru_priva` varchar(200) NOT NULL,
  PRIMARY KEY (`pru_cont`)
) ENGINE=InnoDB AUTO_INCREMENT=3 DEFAULT CHARSET=utf8;
/*!40101 SET character_set_client = @saved_cs_client */;

--
-- Dumping data for table `re_prue`
--

LOCK TABLES `re_prue` WRITE;
/*!40000 ALTER TABLE `re_prue` DISABLE KEYS */;
INSERT INTO `re_prue` VALUES (1,'registro de prueba','2017-10-15','prueba de valor privado 1'),(2,'registro de prueba 2','2017-10-25','prueba de valor privado 2');
/*!40000 ALTER TABLE `re_prue` ENABLE KEYS */;
UNLOCK TABLES;
/*!40103 SET TIME_ZONE=@OLD_TIME_ZONE */;

/*!40101 SET SQL_MODE=@OLD_SQL_MODE */;
/*!40014 SET FOREIGN_KEY_CHECKS=@OLD_FOREIGN_KEY_CHECKS */;
/*!40014 SET UNIQUE_CHECKS=@OLD_UNIQUE_CHECKS */;
/*!40101 SET CHARACTER_SET_CLIENT=@OLD_CHARACTER_SET_CLIENT */;
/*!40101 SET CHARACTER_SET_RESULTS=@OLD_CHARACTER_SET_RESULTS */;
/*!40101 SET COLLATION_CONNECTION=@OLD_COLLATION_CONNECTION */;
/*!40111 SET SQL_NOTES=@OLD_SQL_NOTES */;

-- Dump completed on 2017-11-09  9:01:20
